DTG,ENGINE_NO,REAL_POWER,FCU_POS,S_RPM,LPC_RPM,HPC_RPM,PT_RPM,INLET_AIR_TEMP,OFF_TAKE_TEMP,AFTER_HPT_TEMP,AIR_PR_AFTER_HPC,FUEL_PRESS_CHANNEL1,FUEL_PRESS_CHANNEL2,FIELD_TEMP1,FIELD_TEMP2,FIELD_TEMP3,FIELD_TEMP4,FIELD_TEMP5,FIELD_TEMP6,FIELD_TEMP7,FIELD_TEMP8,FIELD_TEMP9,FIELD_TEMP10,FIELD_TEMP_AVG,FIELD_TEMP_HIGH,FIELD_TEMP_LOW,VIB_LPC,VIB_PT,TOTAL_RH
1630,2,0.05,22,60,2547,4835,709,28,238,288,1.4,13.2,3.2,292,272,271,293,283,286,314,290,299,279,288,314,270,1.6,0.2,1800
1730,2,0.05,24,66,3015,5314,796,27,241,311,2,20.3,4.8,316,295,296,319,309,309,333,310,328,305,312,333,296,1.6,0.2,1801
1830,2,0.33,42,140,4751,6848,1679,28,311,444,5.5,36.1,12.4,516,430,438,464,451,369,431,392,476,460,443,516,369,1.6,0.2,1802
1900,2,0.37,43,146,4825,6909,1728,27,310,445,5.7,36.6,12.8,510,430,436,462,451,383,438,407,474,456,445,510,383,1.5,0.2,1803
2000,2,0.28,40,136,4606,6738,1612,27,298,427,5,35,11.5,458,524,414,418,445,439,335,404,375,462,428,524,335,1.5,0.2,1804
2100,2,0.29,40,136,4635,6766,1633,27,300,435,5.1,35.3,11.7,461,520,417,423,449,479,342,410,379,469,435,520,342,1.5,0.2,1805
2200,2,0.36,43,145,4816,6903,1732,27,311,447,5.6,36.3,12.7,464,511,431,436,465,470,381,438,404,475,447,511,381,1.3,0.1,1806
2300,2,0.36,43,145,4801,6898,1730,27,310,446,5.6,36.6,12.7,465,512,454,437,464,449,380,438,403,476,448,512,380,1.3,0.1,1807
100,2,0.36,43,145,4810,6911,1732,27,311,447,5.6,36.6,12.7,466,510,454,437,464,472,380,437,402,477,447,510,380,1.3,0.1,1808
200,2,0.36,43,145,4801,6902,1730,27,309,446,5.6,36.5,12.7,467,509,452,436,462,471,380,436,400,475,448,509,380,1.2,0.1,1809
300,2,0.36,43,145,4802,6904,1729,27,310,446,5.6,36.5,12.7,465,511,453,438,463,470,381,435,401,476,446,511,381,1.3,0.1,1810
350,2,0.36,43,145,4808,6910,1732,27,311,448,5.6,36.5,12.7,467,511,458,443,464,465,379,437,401,480,450,511,379,1.3,0.2,1811
500,2,0.29,40,135,4605,6757,1606,28,299,437,5.1,35.2,11.7,528,433,423,445,485,341,410,379,466,466,437,528,341,1.6,0.2,1812
600,2,0.29,40,135,4605,6757,1606,28,299,437,5.1,35.2,11.9,528,433,423,445,485,341,410,379,466,466,437,528,341,1.6,0.2,1813
700,2,0.29,40,137,4611,6762,1618,28,301,439,5.1,35.3,11.6,537,419,433,448,484,342,411,380,470,456,439,540,342,1.4,0.2,1814
745,2,0.29,40,137,4611,6762,1618,28,301,439,5.1,35.3,11.6,537,419,433,448,484,342,411,380,470,456,439,540,342,1.4,0.2,1815
900,2,0.08,25,74,3100,5438,881,28,246,316,1.8,13.5,3.9,301,314,294,298,310,301,299,322,301,313,299,322,290,1.8,0.2,1816
1000,2,0.08,25,72,3023,5365,854,29,248,318,2,20.8,4.9,310,321,300,300,326,319,317,340,316,333,318,340,300,1.8,0.2,1817
1100,2,0.08,25,72,3030,5370,860,29,248,318,2,20.9,4.7,310,321,300,300,326,319,317,340,316,333,318,340,300,1.8,0.2,1818
1200,2,0.06,22,60,2627,4926,706,29,249,300,1.5,19.9,3.5,289,301,279,282,306,303,301,325,300,309,300,325,279,2.1,0.2,1819
825,2,0.14,30,100,3809,6057,1194,27,270,370,3.2,29,8,385,434,332,341,409,420,312,345,325,381,368,434,312,2.9,0.1,1820
900,2,0.1,28,91,3566,5876,1082,28,259,340,2.3,16.9,3.8,295,304,288,274,306,286,314,311,299,310,293,314,274,1.6,0.2,1821
1000,2,0.1,28,91,3560,5872,1090,28,259,340,2.3,16.9,3.9,296,305,286,272,308,288,312,312,293,310,293,312,272,1.6,0.2,1822
1800,2,0.14,30,100,3813,6066,1199,27,282,372,3.2,29.1,8,384,433,330,340,410,421,313,346,326,380,367,433,313,2.8,0.1,1823
1900,2,0.09,28,90,3561,5873,1092,28,258,338,2.3,16.8,3.9,297,304,287,273,310,270,313,310,292,309,292,313,270,1.5,0.2,1824
2000,2,0.45,48,156,5069,7076,1853,29,321,482,4.4,32.5,10.1,520,402,418,468,463,327,378,359,452,449,482,520,327,1.6,0.2,1825
2100,2,0.45,47,156,5046,7078,1853,29,321,475,6.2,37.6,14.2,470,522,456,463,491,478,431,469,464,502,474,522,431,1.9,0.2,1826
2200,2,0.46,47,156,5049,7090,1846,29,322,472,6.2,37.7,14.1,467,519,456,459,489,478,431,464,463,496,473,519,431,2.5,0.2,1827
2300,2,0.46,47,156,5050,7100,1850,29,322,472,6.2,37.8,14.2,466,520,456,458,489,479,430,465,464,496,472,520,430,2.5,0.2,1828
100,2,0.46,47,156,5040,7110,1840,29,324,473,6.2,37.6,14.1,465,521,455,457,490,478,430,464,465,496,470,521,430,2.5,0.2,1829
200,2,0.45,47,156,5059,7118,1868,29,323,470,6.2,37.5,14.2,468,518,457,458,491,477,431,465,466,497,471,518,431,2.4,0.2,1830
300,2,0.46,48,156,5052,7103,1867,30,321,472,6.3,37.9,14.4,465,517,455,462,485,478,432,464,463,494,472,517,432,2.6,0.1,1831
350,2,0.46,48,156,5068,7111,1811,30,322,471,6.3,37.5,14.3,466,519,456,463,484,477,430,466,465,496,472,519,430,2.6,0.1,1832
500,2,0.46,47,156,5041,7102,1857,30,322,471,6.3,37.9,14.2,521,457,460,485,480,433,464,466,465,496,472,519,430,2.6,0.1,1833
1010,2,0.05,21,52,2923,4658,1696,26,239,283,1.3,12,2.9,274,285,259,271,286,290,281,315,281,292,283,325,259,1.7,0.2,1834
1500,2,0.45,47,156,5047,7096,1852,31,323,475,6.3,37.6,14.2,465,518,456,462,485,469,431,467,467,496,470,518,431,2.6,0.2,1835
1600,2,0.45,47,156,5034,7099,1855,31,323,474,6.2,37.5,14.1,522,460,459,486,480,433,466,466,498,472,474,522,433,2,0.1,1836
1700,2,0.45,47,156,5047,7099,1854,30,323,474,6.2,37.5,14.1,522,460,459,487,481,433,467,465,498,472,474,522,433,2,0.1,1837
1800,2,0.35,42,145,4809,6910,1721,30,317,450,5.5,36.2,12.5,518,435,441,468,454,381,441,405,482,460,450,518,381,1.6,1.7,1838
1900,2,0.35,42,145,4818,6919,1720,30,317,450,5.5,36.1,12.6,517,437,444,469,453,382,442,406,483,458,450,517,382,1.6,0.2,1839
1930,2,0.35,42,145,4818,6919,1720,30,317,450,5.5,36.1,12.6,517,437,444,469,453,382,442,406,483,458,450,517,382,1.6,0.2,1840
2100,2,0.37,42,145,4838,6937,1745,28,314,449,5.7,36.5,12.8,458,516,434,439,470,453,383,441,408,483,450,516,383,1.6,0.1,1841
2200,2,0.37,42,145,4845,6940,1750,28,314,448,5.7,36.4,12.7,458,516,434,439,470,453,383,441,408,483,450,516,383,1.6,0.1,1842
2300,2,0.37,43,146,4837,6930,1743,28,313,452,5.7,36.5,12.8,457,516,434,438,465,484,382,439,409,485,452,516,382,1.4,0.1,1843
2345,2,0.37,43,146,4840,6935,1745,28,313,452,5.7,36.5,12.8,457,516,434,438,465,484,382,439,409,485,452,516,382,1.4,0.1,1844
100,2,0.37,43,146,4829,6925,1734,28,311,451,5.7,36.5,12.8,450,515,432,437,464,463,381,438,408,484,450,515,381,1.4,0.1,1845
200,2,0.37,43,146,4831,6931,1736,28,312,453,5.7,36.4,12.7,457,517,433,438,465,464,383,439,409,483,451,517,383,1.3,0.2,1846
300,2,0.37,43,146,4839,6928,1752,28,315,454,5.7,36.3,12.9,458,519,432,439,464,462,386,440,410,482,446,519,386,1.4,0.1,1847
345,2,0.37,43,146,4837,6927,1750,28,318,452,5.7,36.2,12.8,455,515,435,447,464,487,385,441,409,479,452,515,385,1.5,0.1,1848
500,2,0.17,32,107,3975,6231,1271,28,273,382,3.6,29.8,8.6,454,343,363,420,452,302,337,328,402,407,382,454,302,1.7,0.1,1849
600,2,0.2,34,112,4118,6347,1337,28,280,395,3.9,31,9.3,477,361,379,438,467,306,340,337,425,422,395,477,306,2,0.2,1850
700,2,0.2,34,112,4118,6347,1337,28,280,395,3.9,31,9.3,477,361,379,438,467,306,340,337,425,422,395,477,306,2,0.2,1851
1500,2,0.46,49,155,5155,7123,1872,30,321,488,6.2,37.7,14.1,542,472,473,505,486,440,493,469,516,485,488,540,440,2.8,0.1,1852
1600,2,0.64,57,180,5468,7400,2119,29,340,522,7.7,40.7,19.8,535,550,508,523,523,501,525,529,523,509,522,550,501,2.3,0.1,1853
1400,2,0.06,23,80,2719,5028,969,29,247,305,1.6,15.7,3.8,297,306,287,291,313,311,309,330,304,317,305,330,287,2.3,0.1,1854
1500,2,0.06,23,80,2721,5029,971,29,248,306,1.6,15.7,3.8,296,305,288,290,312,312,310,331,305,318,306,331,288,2.3,0.1,1855
1600,2,0.06,23,80,2706,5045,966,29,246,304,1.6,15.6,3.8,304,286,288,307,308,305,327,300,315,293,304,327,286,2.3,0.1,1856
1730,2,0.06,22,90,2743,5092,1044,30,260,316,3.3,23.7,5,304,287,288,307,308,305,327,300,315,293,304,327,287,1.9,0.1,1857
1830,2,0.19,32,140,4070,6326,1453,30,284,391,3.8,30.8,9,469,356,371,440,437,308,343,339,423,417,391,469,308,2.2,0.1,1858
1930,2,0.13,29,120,3719,6027,1426,30,265,358,3,28.6,7.6,421,328,338,395,414,311,343,323,364,377,358,422,311,1.9,0.2,1859
2100,2,0.29,41,120,4689,6793,1465,28,300,434,4.9,34.5,11.3,537,409,427,460,452,335,409,364,398,457,427,535,335,1.7,0.1,1860
1600,2,0.05,21,48,2398,4643,608,29,240,287,1.2,11.6,2.9,285,271,276,291,295,280,313,282,293,277,287,313,271,0.8,0.1,1861
1700,2,0.05,21,48,2398,4643,608,29,240,287,1.2,11.4,2.9,285,271,276,291,295,280,313,282,293,277,287,313,271,0.8,0.1,1862
1800,2,0.05,21,48,2398,4643,608,29,240,287,1.2,11.4,2.9,285,271,276,291,295,280,313,282,293,277,287,313,271,0.8,0.1,1863
1900,2,0.09,27,79,3446,5764,941,29,256,338,2.6,26.4,6.6,359,311,320,357,366,313,338,319,347,341,338,366,311,0.8,0.2,1864
710,2,0.23,35,120,4291,6461,1431,26,288,410,4.3,32.5,10,500,383,405,459,458,317,355,348,432,435,410,500,317,2.7,0.1,1865
1000,2,0.1,28,81,3538,5833,970,27,258,344,2.8,26.7,7,368,396,326,371,407,449,310,378,347,425,410,449,310,1.9,0.2,1866
1400,2,0.37,43,146,4854,6935,1734,29,315,451,5.7,36.1,12.7,460,517,438,444,473,460,389,449,413,473,451,517,389,1.5,0.1,1867
1600,2,0.36,43,145,4834,6934,1720,29,315,449,5.6,36.3,12.7,521,436,444,467,456,385,442,410,472,463,449,521,385,1.7,0.1,1868
1700,2,0.36,43,145,4834,6934,1720,29,315,449,5.6,36.3,12.7,523,436,444,467,456,385,442,410,472,463,449,523,385,1.4,0.2,1869
1800,2,0.37,43,145,4828,6926,1719,29,315,449,5.6,36.4,12.7,519,435,441,470,456,386,442,411,479,460,450,519,387,1.4,0.1,1870
1900,2,0.37,43,145,4828,6926,1719,29,315,449,5.6,36.4,12.7,519,435,441,470,456,386,442,411,479,460,450,519,387,1.4,0.1,1871
530,2,0.19,32,110,4068,6282,1304,27,277,389,3.8,30.4,9,464,353,376,438,440,305,341,337,415,413,389,464,305,2.6,0.2,1872
630,2,0.15,31,100,3869,6125,1238,26,268,367,3.4,29.1,8.2,433,331,347,412,413,302,338,324,377,387,367,433,302,1.5,0.2,1873
1300,2,0.06,22,60,2660,4958,302,30,230,270,2.6,14.5,3.5,290,304,280,290,308,315,304,324,298,315,303,324,290,0.8,0.2,1874
1400,2,0.06,22,60,2655,4950,300,30,245,270,1.5,14.3,3.5,280,288,309,315,302,324,297,325,290,303,302,324,280,0.8,0.2,1875
1500,2,0.06,22,60,2665,4950,302,31,245,270,1.5,14.3,3.5,280,288,309,315,302,324,297,315,290,303,302,324,280,0.8,0.2,1876
1630,2,0.29,39.6,140,4623,6779,1676,31,308,433,5,35,11.6,513,514,429,450,448,349,418,376,477,456,433,514,349,1.4,0.1,1877
1730,2,0.29,39.6,140,4624,6780,1677,31,309,432,5,35,11.6,513,514,429,450,447,349,417,377,478,457,433,514,349,1.4,0.1,1878
1830,2,0.09,24,80,3325,5656,1023,28,249,310,2.4,21.6,5.5,329,344,312,310,344,331,317,341,322,346,328,344,310,2,0.1,1879
1930,2,0.04,21,53,2326,4562,641,28,235,281,1.2,11.2,2.8,283,263,268,284,286,278,310,283,288,270,281,310,263,1.1,0.1,1880
2030,2,0.21,34,117,4173,6399,1437,28,280,390,4,31.8,9.5,429,499,371,394,450,446,312,349,343,433,402,499,312,2.2,0.1,1881
2130,2,0.23,33,119,4196,6472,1498,29,282,392,4.1,32.7,10.5,455,511,414,435,453,447,359,421,381,489,436,511,359,2.4,0.1,1882
2230,2,0.17,31,108,3939,6223,1287,31,276,377,3.5,29.8,8.5,402,452,343,354,422,424,304,336,331,390,376,452,304,2.2,0.1,1883
2330,2,0.17,31,108,3949,6227,1293,31,275,379,3.5,29.8,8.5,404,462,345,360,427,426,304,338,332,397,379,462,304,1.6,0.1,1884
30,2,0.17,31,108,3950,6228,1296,30,274,380,3.5,29.8,8.6,345,354,426,428,303,336,332,399,408,463,380,463,303,1.6,0.1,1885
130,2,0.17,31,111,3998,6250,1322,30,275,385,3.6,30.3,8.7,347,358,429,455,302,335,332,405,413,470,385,470,302,1.8,0.1,1886
230,2,0.18,30,110,4006,6260,1385,30,275,384,3.7,30.3,8.8,348,360,427,453,303,335,332,403,412,469,384,469,303,1.9,0.1,1887
330,2,0.17,31,110,3980,6240,1306,30,274,385,3.6,30,8.6,352,357,428,459,301,335,331,413,412,467,385,467,301,1.9,0.1,1888
500,2,0.21,33,120,4193,6413,1457,29,286,404,4,31.7,9.5,450,343,351,422,456,300,334,328,397,406,389,456,300,1.9,0.1,1889
600,2,0.05,22,54,2545,4824,720,28,236,284,1.4,13.3,3.3,283,255,276,289,296,273,306,280,296,274,283,306,255,1.5,0.2,1890
1700,2,0.09,24,84,3346,5658,1026,28,250,315,2.4,21.6,5.5,329,344,312,310,344,331,317,341,322,346,328,346,310,2,0.1,1891
1800,2,0.08,25,100,3194,5535,1205,30,258,328,2.2,24.1,5.6,321,333,312,310,342,333,318,345,360,310,328,360,310,1.9,0.1,1892
1520,2,0.31,42,145,4695,6858,1752,30,306,440,5.1,35,11,472,531,429,449,467,457,360,429,392,486,447,531,360,3,0.2,1893
1545,2,0.66,59,186,5580,7434,2212,32,346,346,7.8,41.6,21.2,549,564,545,537,552,555,522,549,551,554,548,564,522,2.5,0.1,1894
1700,2,0.06,21,60,2626,4923,720,32,241,296,1.5,13.8,3.4,296,275,278,297,301,295,320,298,304,286,295,320,275,1.8,0.1,1895
1800,2,0.08,30,100,4192,5535,1205,30,218,328,2.2,24.1,5.6,321,333,312,310,342,333,318,345,360,310,328,360,310,1.9,0.1,1896
600,2,0.05,22,53,2450,4676,618,28,237,287,1.2,13.8,3.4,262,265,285,290,286,312,287,290,279,290,286,312,262,1,0.1,1897
700,2,0.06,22,53,2688,4971,716,28,238,297,1.5,14.9,3.6,301,277,279,300,301,297,315,295,305,288,296,315,277,1.6,0.1,1898
800,2,0.05,21,51,2471,4735,615,28,238,291,1.3,12.2,3,294,269,272,292,297,291,317,292,298,284,291,317,269,1.5,0.1,1899
900,2,0.61,55,180,5393,7342,2125,28,338,516,7.4,40.1,18.4,532,539,502,516,511,489,519,521,527,503,514,539,489,2.1,0.1,1900
1000,2,0.05,21,52,2472,4738,617,28,235,285,1.2,11.8,2.9,283,265,269,285,294,285,310,286,294,278,284,310,265,0.9,0.1,1901
1100,2,0.06,22,62,2687,4999,741,29,242,301,1.5,15.5,3.6,298,280,284,303,306,300,321,301,311,288,299,321,280,1.9,0.2,1902
1200,2,0.06,22,60,2683,4987,739,29,241,298,1.5,14.3,3.5,297,280,284,302,306,301,320,301,310,287,298,320,280,2.1,0.1,1903
1300,2,0.06,22,60,2614,4910,742,29,242,298,1.5,14.2,3.4,287,296,276,283,302,305,296,276,283,310,297,310,283,2.3,0.1,1904
1400,2,0.06,22,61,2617,4918,744,29,241,302,1.6,14.3,3.5,302,282,287,307,309,301,324,304,315,292,302,324,292,2.2,0.1,1905
1500,2,0.18,32,110,4008,6271,1324,30,280,386,3.6,30.2,8.7,408,465,352,361,433,441,308,342,336,412,386,465,336,2,0.1,1906
1600,2,0.05,21,50,2377,4614,578,30,237,287,1.2,11.3,2.8,292,265,273,286,294,287,312,287,302,278,287,312,265,1,0.1,1907
1700,2,0.08,23,64,3047,5363,754,30,244,316,1.5,13.6,3.4,302,277,283,303,305,298,322,298,313,286,316,322,277,2.3,0.1,1908
1800,2,0.66,58,185,5538,7465,2200,33,350,535,7.1,40.4,19.2,561,524,537,535,516,540,544,549,529,553,538,561,516,2.6,0.1,1909
1900,2,0.65,57,185,5498,7488,2200,33,350,535,7.4,40.8,20,557,519,534,530,512,536,540,542,520,546,533,557,512,2.1,0.2,1910
2000,2,0.26,37,120,4454,6647,1434,30,299,420,4.6,33.9,10.7,534,401,417,448,444,324,386,360,443,448,420,534,324,1.7,0.1,1911
2100,2,0.42,45,145,4965,7037,1701,30,320,461,6.1,36.8,13.5,514,446,452,479,469,409,453,443,487,464,462,514,409,1.4,0.1,1912
2200,2,0.17,31,100,3954,6226,1199,30,272,376,3.5,29.6,8.4,457,340,358,419,421,302,337,328,401,399,377,457,302,1.7,0.1,1913
2300,2,0.17,31,100,3955,6226,1197,30,273,375,3.5,29.9,8.5,448,340,356,419,424,305,337,329,399,407,377,448,305,1.7,0.1,1914
1,2,0.17,31,100,3948,6227,1198,30,273,375,3.5,29.7,8.5,459,340,355,420,429,304,338,329,402,403,378,459,304,1.8,0.2,1915
100,2,0.17,31,100,3968,6281,1198,28,272,379,3.5,29.8,8.5,403,451,341,360,429,441,306,338,328,401,380,451,306,1.6,0.2,1916
200,2,0.17,31,100,3978,6239,1202,29,274,382,3.6,29.8,8.6,404,453,342,363,431,445,308,339,330,403,382,453,308,1.5,0.2,1917
300,2,0.17,31,100,3977,6230,1181,29,274,378,3.5,29.6,8.5,399,451,343,357,428,442,305,338,328,396,379,451,305,1.5,0.1,1918
400,2,0.17,31,100,3976,6229,1179,29,274,379,3.5,29.6,8.5,401,453,345,359,430,444,307,340,330,398,381,453,307,1.6,0.1,1919
500,2,0.13,29,90,3746,6064,1080,29,262,357,3.1,28.3,7.7,322,343,385,404,304,340,319,369,379,415,357,415,304,1.5,0.2,1920
600,2,0.09,27,81,3365,5700,954,28,254,334,2.5,26,6.3,316,392,412,401,302,336,324,380,435,436,400,436,302,1.7,0.2,1921
700,2,0.09,26,80,3378,5708,932,28,253,334,2.5,26,6.4,305,330,345,345,316,340,318,347,332,350,333,350,305,1.8,0.2,1922
800,2,0.04,21,51,2338,4577,614,28,238,284,1.2,11.2,2.8,293,258,280,285,294,278,306,286,296,276,285,306,258,1.5,0.2,1923
900,2,0.04,21,50,2338,4576,615,28,237,282,1.2,11.2,2.8,293,258,286,285,294,278,306,286,296,276,285,306,258,1.5,0.2,1924
1000,2,0.61,56,182,5415,7357,2159,30,345,525,7.4,40.3,18.9,539,520,514,526,525,500,530,532,536,513,522,539,500,2,0.1,1925
1100,2,0.61,55,180,5401,7367,2133,30,341,516,6.8,40.3,18.9,538,520,514,526,525,500,530,532,535,514,520,538,500,2,0.1,1926
1200,2,0.05,21,48,2375,4640,575,29,235,283,1.2,11.3,2.8,289,284,286,282,292,282,308,287,292,276,283,308,264,1.3,0.1,1927
1300,2,0.08,25,80,3181,5522,951,29,251,326,2.2,23.7,5.5,319,328,307,306,332,337,321,346,322,346,326,346,306,1.7,0.2,1928
1400,2,0.08,25,80,3177,5517,946,29,250,327,2.2,23.8,5.6,329,306,305,333,341,319,345,314,346,321,326,346,305,1.7,0.2,1929
1500,2,0.08,25,80,3175,5512,942,29,253,329,2.2,23.8,5.6,333,309,309,336,344,322,349,324,350,323,329,350,309,2,0.2,1930
1600,2,0.41,46,156,4973,7025,1860,31,321,474,5.9,37,13.6,529,455,458,496,477,417,470,452,508,477,474,529,417,1.8,0.2,1931
1700,2,0.05,21,45,2500,4780,646,29,235,283,1.2,11.4,2.8,288,260,266,280,290,280,308,286,292,274,282,306,260,1.3,0.1,1932
1800,2,0.07,23,66,2888,5280,732,29,254,316,1.3,10.3,2.8,277,274,295,287,315,295,301,286,286,294,242,315,242,2,0.2,1933
1900,2,0.62,55,180,5417,7361,2153,29,343,520,7.4,40,18.9,508,541,516,508,524,520,496,526,530,538,520,541,496,2,0.1,1934
2000,2,0.62,55,180,5391,7363,2141,29,339,517,7.3,40,18.3,530,542,505,515,511,489,518,520,527,502,517,542,502,2.4,0.1,1935
800,2,0.05,21,46,2552,4852,553,28,236,293,1.4,13.5,3.3,295,272,281,297,304,290,322,297,306,286,296,322,272,2.4,0.2,1936
900,2,0.61,55,180,5437,7375,2141,31,345,525,7.3,39.8,18.5,542,544,511,524,522,496,527,529,539,508,525,544,496,2.6,0.1,1937
1000,2,0.05,20,54,2376,4625,645,30,239,285,1.2,11.3,2.8,285,267,270,287,288,281,310,287,292,275,284,310,267,1.4,0.1,1938
1100,2,0.05,20,58,2379,4624,657,30,237,285,1.2,11.3,2.9,287,267,270,287,288,281,310,287,292,275,283,310,267,1.4,0.1,1939
1200,2,0.04,20,50,2375,4622,649,30,236,283,1.2,11.1,2.7,283,267,270,287,288,281,310,287,292,275,284,310,267,1.4,0.1,1940
1300,2,0.61,54,180,5414,7380,2140,32,345,521,7.3,39.4,18.2,538,519,509,521,518,494,524,526,533,505,519,538,494,2.4,0.2,1941
1400,2,0.61,55,180,5404,7378,2128,32,344,521,7.2,39.6,18,538,547,502,521,516,493,525,526,534,507,522,547,493,2.3,0.2,1942
1500,2,0.61,55,180,5391,7376,2115,32,343,520,7.3,39.7,18.1,534,546,507,519,516,495,523,526,530,506,519,546,495,2.3,0.2,1943
1600,2,0.6,55,180,5392,7376,2135,32,343,520,7.3,39.6,18.4,545,506,518,517,492,523,525,531,507,535,519,545,492,2.5,0.2,1944
1700,2,0.62,55,180,5401,7380,2166,30,341,520,7.3,40,18.4,547,507,518,513,490,521,524,529,507,533,519,547,490,2.5,0.1,1945
1800,2,0.61,64,180,5385,7375,2134,32,343,519,7.3,39.8,18.2,544,509,517,513,491,522,525,531,508,534,518,544,491,2.5,0.1,1946
1900,2,0.03,22,60,2036,4180,724,29,270,315,0.9,11.4,2.6,294,307,329,323,322,349,330,328,305,318,316,349,294,1.1,0.1,1947
2000,2,0.28,39,127,4618,6768,1516,30,307,436,4.9,34.6,11.6,526,418,427,450,452,343,414,376,476,463,435,526,343,1.6,0.1,1948
2100,2,0.28,39,128,4618,6769,1517,30,307,436,4.9,34.5,11.7,527,419,427,450,452,342,413,373,476,463,435,527,342,1.6,0.1,1949
2200,2,0.22,34,110,4227,6444,1314,29,287,402,4,31.6,9.6,498,371,391,443,464,310,348,343,431,423,402,498,310,1.9,0.1,1950
2300,2,0.42,45,140,4967,7045,1668,30,323,462,5.9,35.9,13.1,514,450,411,478,474,408,455,442,491,458,462,514,408,1.3,0.1,1951
1,2,0.42,45,140,4968,7048,1669,30,324,462,5.9,35.8,13,513,550,419,479,473,408,455,442,483,459,462,513,408,1.3,0.1,1952
100,2,0.08,24,80,3071,5414,832,29,247,317,2,21.2,5,323,303,302,309,324,315,338,318,339,309,319,339,303,1.6,0.2,1953
200,2,0.65,56,185,5479,7421,2195,30,341,524,7.5,40.2,19.7,515,539,553,520,526,523,503,527,531,536,527,535,553,2.5,0.2,1954
300,2,0.65,56,185,5481,7425,2197,30,343,526,7.5,40.2,19.7,517,541,554,521,527,525,505,519,524,532,525,527,554,2.3,0.2,1955
400,2,0.65,56,186,5496,7441,2209,30,343,527,7.5,40.3,19.8,537,551,511,525,521,500,526,530,533,512,524,550,500,2.5,0.2,1956
500,2,0.65,57,186,5461,7418,2193,29,342,525,7.6,40.7,19.8,552,512,524,526,520,503,526,529,532,511,524,557,503,2.3,0.1,1957
600,2,0.65,57,186,5461,7418,2202,29,342,524,7.6,40.1,19.6,550,510,526,522,521,504,528,536,532,510,524,552,504,2.4,0.2,1958
700,2,0.66,57,184,5450,7420,2200,29,342,528,7.6,40.5,19.7,551,532,524,519,500,524,532,533,513,535,528,551,506,2.4,0.2,1959
800,2,0.64,56,184,5445,7425,2189,30,345,528,7.5,40.4,19.2,536,553,532,525,520,501,527,533,535,515,528,553,515,2.5,0.1,1960
900,2,0.64,56,184,5445,7425,2189,30,345,528,7.5,40.5,19.7,536,553,531,524,520,500,527,533,535,515,528,553,500,2.5,0.1,1961
1000,2,0.64,56,184,5440,7420,2188,31,347,530,7.5,40.6,19.7,548,554,531,524,521,501,528,533,534,515,527,554,501,2.5,0.1,1962
1100,2,0.64,56,185,5448,7428,2191,31,349,531,7.5,40.6,19.8,548,555,532,523,520,501,527,533,535,514,528,555,501,2.5,0.1,1963
1200,2,0.64,56,184,5455,7420,2180,31,344,531,7.6,40.6,19.9,536,552,535,526,540,501,525,532,533,514,528,552,501,2.4,0.1,1964
1300,2,0.4,44,154,4912,7014,1831,31,320,481,5.8,36.4,13.2,468,508,477,435,431,499,401,446,432,481,464,501,401,1.8,0.1,1965
1715,2,0.05,21,155,2385,4656,1683,33.8,334,494,6.7,38.2,15.8,487,484,503,504,489,518,521,529,506,530,519,530,321,2.7,0.2,1966
1800,2,0.6,54,180,5357,7362,2121,30.8,339,513,7.3,39.9,18,541,502,514,508,484,515,518,524,500,524,512,541,484,2.2,0.1,1967
1900,2,0.6,54,180,5353,7310,2125,30.6,339,513,7.3,39.9,18,541,502,514,508,484,515,518,524,500,524,512,541,484,2.2,0.2,1968
2000,2,0.59,53,180,5322,7322,2118,30.8,338,510,7.1,39.5,17.6,537,498,511,505,481,512,515,521,500,521,509,537,481,2.1,0.1,1969
2100,2,0.59,54,180,5357,7362,2125,31,339,514,7.3,39.9,18,524,500,513,498,539,507,489,512,514,521,510,539,489,2.1,0.2,1970
2200,2,0.59,54,180,5354,7325,2139,31,337,510,7.1,39.5,17.8,500,522,539,496,511,505,481,510,513,522,511,539,481,2.1,0.2,1971
2300,2,0.31,40,145,4708,6346,1729,30,311,441,5.3,35.2,11.9,454,511,450,435,451,475,362,422,388,473,442,511,362,1.3,0.2,1972
1,2,0.32,40,145,4714,6832,1731,30,313,443,5.3,35.4,12.1,313,451,435,453,478,364,424,389,475,456,444,513,364,1.3,0.2,1973
100,2,0.29,40,145,4701,6838,1719,30,312,446,6.7,35.4,12,515,451,461,453,480,362,424,386,479,460,447,515,358,1.3,0.1,1974
200,2,0.31,40,145,4704,6842,1736,30.2,311,445,6.7,36,12.5,508,470,441,470,489,387,438,409,482,460,455,509,385,1.5,0.2,1975
300,2,0.33,42,149,4763,6891,1775,30,316,452,5.4,36,12.4,514,467,442,468,479,371,431,396,480,496,452,514,371,1.5,0.1,1976
400,2,0.33,42,150,4778,6892,1775,30,316,452,5.4,35.7,12.3,513,467,439,465,484,378,431,400,476,456,450,513,378,1.4,0.2,1977
500,2,0.23,34,125,4281,6505,1489,30,291,411,4.2,32,9.9,401,396,441,469,314,354,356,429,435,518,410,518,314,1.8,0.2,1978
600,2,0.24,35,130,4358,6563,1537,29,293,418,4.4,32.8,10.3,412,405,446,472,318,373,356,428,445,528,418,528,318,1.6,0.1,1979
700,2,0.24,35,130,4352,6563,1534,29,294,419,4.4,32.8,10.3,412,405,446,472,318,370,358,428,445,528,418,528,318,1.6,0.1,1980
800,2,0.11,28,97,3641,5951,1155,29,264,353,2.9,28,7.4,355,389,338,333,381,421,310,336,323,358,354,421,310,1.7,0.1,1981
70030,3,0.2,33,111,4154,6428,1332,26,273,399,3.9,32.7,9.9,364,346,359,388,449,448,442,432,374,386,399,450,346,1.7,1.6,1441.47
70150,3,0.24,36,122,4357,6598,1440,26,285,417,4.4,34.2,10.8,398,357,373,429,459,467,449,458,392,396,418,468,358,0.9,2,1442.47
70250,3,0.24,36,121,4352,6598,1429,27,284,420,4.4,34.2,10.8,393,256,372,432,460,468,449,456,398,404,419,469,355,1,2,1443.47
70345,3,0.23,36,120,4344,6597,1428,27,285,421,4.4,34.7,10.8,391,360,372,435,460,469,449,456,406,417,421,468,360,0.9,2,1444.47
70530,3,0.17,32,100,3990,6300,1273,27,266,393,3.6,31.2,9.2,393,354,343,359,384,445,437,440,414,359,392,445,343,2.4,2.5,1445.47
70630,3,0.24,36,120,4348,6597,1426,27,283,421,4.4,34.4,10.9,422,392,357,370,435,462,468,452,456,407,422,468,357,0.8,2.2,1446.47
70730,3,0.24,36,120,4344,6595,1439,27,284,422,4.4,34.3,10.8,423,391,356,373,434,462,468,451,458,398,421,468,356,0.9,2,1447.47
70830,3,0.24,36,122,4350,6597,1442,27,283,421,4.4,34.3,10.8,387,356,373,433,461,466,448,458,404,423,426,466,356,1,2,1448.47
70945,3,0.24,36,122,4352,6597,1451,27,283,424,4.4,34.4,10.9,394,376,372,433,461,465,448,459,399,422,424,466,372,0.9,2,1449.47
71030,3,0.24,36,121,4356,6595,1443,27,282,421,4.5,34.6,10.9,401,360,372,433,459,466,447,457,402,422,422,466,360,0.9,2,1450.47
71140,3,0.24,37,125,4352,6595,1447,26,283,422,4.5,34.4,10.9,384,363,375,434,460,465,446,459,402,423,422,466,363,0.8,2,1451.47
71240,3,0.24,36,122,4362,6598,1443,24,281,423,4.5,34.3,11,391,369,374,434,458,464,446,458,407,422,422,464,368,0.8,1.9,1452.47
71340,3,0.23,36,120,4310,6555,1440,24,280,417,4.4,33.9,10.7,390,356,362,429,455,461,444,448,406,418,417,461,356,0.7,1.8,1453.47
71440,3,0.23,36,120,4307,6556,1424,25,280,417,4.4,34,10.7,386,358,362,429,453,461,445,449,401,418,417,459,359,0.8,1.7,1454.47
71540,3,0.23,36,122,4304,6556,1432,25,281,419,4.3,34,10.6,392,359,364,428,454,461,446,445,411,417,418,461,358,0.9,1.7,1455.47
71900,3,0.24,37,120,4358,6607,1435,26,283,424,4.5,34.3,10.9,425,394,372,377,433,462,467,447,461,410,425,467,372,0.9,2.1,1456.47
71930,3,0.24,37,120,4352,6600,1444,26,284,424,4.4,34.2,10.8,426,393,368,374,432,461,467,446,460,411,424,467,368,0.9,1.9,1457.47
72030,3,0.15,31,100,3899,6212,1196,26,264,386,3.4,30.2,8.8,350,346,354,368,438,431,426,403,358,378,385,437,345,2.6,3.4,1458.47
72130,3,0.05,22,50,2390,4674,609,27,244,292,1.2,12.8,2.8,320,281,306,284,294,279,302,287,307,278,292,320,267,1.6,2.5,1459.47
72300,3,0.06,23,60,2775,5122,718,27,252,312,1.7,17.1,4,332,295,335,305,316,305,325,287,321,300,312,335,287,2.5,2.4,1460.47
80630,3,0.15,31,100,3900,6200,1200,27,261,388,3.5,30.7,8.8,368,365,348,358,370,437,433,435,401,354,387,437,348,1.6,1.3,1461.47
80730,3,0.15,31,100,3380,6192,1198,27,257,383,3.4,30.9,8.9,365,362,348,355,362,434,431,432,398,351,384,434,346,2.1,2.1,1462.47
80830,3,0.08,26,77,3229,5606,921,27,259,338,2.4,26.3,6.3,350,320,360,325,343,336,370,319,337,317,338,370,317,1.7,1.7,1463.47
80930,3,0.08,26,82,3280,5648,972,27,256,340,2.4,26.4,6.3,352,320,362,325,344,337,373,320,337,321,339,372,320,1.8,1.4,1464.47
81045,3,0.13,30,103,3811,6141,1204,28,263,378,3.3,29.5,8.4,341,343,344,350,423,426,429,422,372,384,412,426,341,1.5,1.8,1465.47
81130,3,0.48,49,156,5063,7171,1841,28,326,497,6.3,38.7,15.5,485,475,490,516,502,507,530,516,478,471,497,530,471,2.3,2.6,1466.47
81230,3,0.16,31,104,3943,6260,1236,27,263,386,3.5,30.6,9.6,343,344,354,378,437,435,431,407,360,367,386,437,344,2.6,2.9,1467.47
81330,3,0.16,31,105,3952,6261,1267,27,264,386,3.5,30.8,9.1,343,347,355,380,438,435,432,409,358,368,386,437,343,2.2,2.4,1468.47
81430,3,0.09,26,76,3366,5729,904,25,250,337,2.5,26.8,6.8,335,315,353,320,350,351,374,329,330,322,338,374,315,1.8,1.6,1469.47
81530,3,0.13,30,92,3806,6111,1089,25,249,371,3.3,30.2,8.4,338,339,347,346,419,423,422,380,348,349,371,423,338,2.4,3.1,1470.47
81800,3,0.23,36,110,4340,6577,1303,26,275,416,4.4,34.1,10.7,395,393,365,365,430,452,462,446,450,400,416,462,365,1,2.2,1471
81930,3,0.23,36,110,4337,6580,1264,27,273,416,4.4,34.2,10.7,404,397,363,364,430,464,464,450,449,400,417,464,363,0.8,2,1472
82030,3,0.22,35,107,4243,6497,1244,26,268,408,4.2,33.2,10.2,387,357,361,416,450,448,442,435,386,397,408,450,357,1.3,1.9,1473
82139,3,0.25,38,117,4439,6681,1351,26,283,429,4.7,35.5,11.3,402,385,391,441,464,473,463,463,395,411,429,473,385,1.2,1.5,1474
82230,3,0.25,37,112,4408,6658,1320,27,280,425,4.6,34.8,11.1,399,366,382,441,463,471,466,465,396,419,426,471,366,1.1,2.3,1475
82330,3,0.38,45,134,4857,6996,1594,27,309,472,5.8,37.6,13.5,393,360,373,428,456,459,450,455,402,423,425,459,360,1.2,2.3,1476
90030,3,0.28,39,125,4568,6778,1507,26,292,442,5,35.8,11.9,425,383,409,455,468,479,472,478,414,427,441,479,383,2,2.6,1477
90140,3,0.27,39,124,4541,6752,1470,26,292,435,4.9,35.5,11.6,408,376,402,453,466,478,467,475,476,404,435,478,376,2.4,2.3,1478
90230,3,0.49,49,146,5064,7161,1705,26,327,495,6.4,40.2,15.4,494,469,488,516,498,504,526,514,482,475,496,527,469,3.8,2.7,1479
90330,3,0.49,49,146,5073,7167,1757,26,328,499,6.4,33.7,15.5,501,470,494,516,498,503,527,516,486,477,498,527,470,2.7,3,1480
90530,3,0.44,47,140,4952,7088,1665,27,319,482,6,37.3,14.4,442,490,458,462,499,495,494,516,504,460,482,516,442,2.8,2.9,1481
90630,3,0.44,47,140,4961,7087,1680,26,318,485,6.1,38.6,14.5,452,483,484,464,499,495,495,517,505,466,485,517,452,2.7,2.6,1482
90730,3,0.23,36,120,4311,6577,1440,27,283,418,4.3,33.4,10.5,393,407,357,363,432,456,468,447,453,406,418,468,357,1.1,2.1,1483
90830,3,0.24,36,124,4327,6577,1433,26,281,416,4.4,33.9,10.7,395,357,364,432,455,466,446,454,404,344,417,466,357,0.7,2,1484
90930,3,0.24,36,121,4325,6579,1483,26,281,418,4.4,34.1,10.8,399,357,362,432,456,466,446,454,402,401,418,466,357,0.9,2,1485
91042,3,0.23,36,122,4323,6581,1456,26,283,420,4.4,33.8,10.6,399,361,364,432,459,464,449,454,408,413,420,464,361,0.8,1.9,1486
91936,3,0.25,37,127,4413,6662,1491,27,289,427,4.6,34.5,11.1,390,368,387,440,459,470,457,464,402,415,425,470,368,1.4,2.1,1487
91237,3,0.1,28,91,3606,5461,1072,27,249,359,2.9,28.2,7.7,331,323,349,329,395,405,405,360,348,346,359,405,323,2.2,4.2,1488
91350,3,0.26,38,130,4505,6724,1557,27,295,437,4.8,35.2,11.5,402,387,403,457,467,477,470,473,407,424,436,477,387,1.3,2.8,1489
91450,3,0.26,38,129,4477,6700,1515,26,292,433,4.7,34.9,11.4,397,385,398,452,464,473,466,470,401,424,433,473,384,1.2,2.5,1490
91545,3,0.26,38,128,4462,6697,1519,26,293,433,4.7,34.8,11.4,403,384,396,450,465,475,464,471,400,426,433,475,384,1.3,2.4,1491
91730,3,0.26,38,130,4465,6699,1518,27,291,433,4.7,34.9,11.3,427,401,378,395,449,468,476,465,467,404,433,476,378,1.2,2.4,1492
91830,3,0.26,38,130,4470,6697,1550,25,292,433,4.7,34.9,11.3,426,398,395,448,466,474,465,466,466,406,433,474,395,1.2,2.5,1493
91930,3,0.26,38,130,4473,6698,1506,26,292,433,4.7,34.9,11.3,429,404,387,393,450,465,475,465,468,405,433,475,387,1.4,2.5,1494
92130,3,0.26,38,128,4459,6699,1540,27,293,435,4.7,35.1,11.3,407,388,395,450,468,477,464,468,405,427,435,477,388,1.4,2.3,1495
92240,3,0.26,38,129,4474,6697,1515,27,292,435,4.7,35.3,11.4,413,388,346,451,468,477,465,455,405,416,420,468,346,0.9,1.9,1496
92330,3,0.23,36,117,4322,6580,1425,27,284,426,4.3,33.6,10.6,426,366,368,434,461,465,454,455,410,421,426,465,366,1.2,2.1,1497
100050,3,0.23,36,120,4320,6577,1436,27,284,428,4.3,33.6,10.6,432,370,369,435,464,466,455,412,421,454,428,466,368,1,2.1,1498
100150,3,0.23,36,122,4316,6578,1440,27,284,427,4.3,34.3,10.6,429,366,369,434,463,464,455,453,414,421,427,465,366,1,2.2,1499
100250,3,0.23,36,123,4324,6580,1412,27,285,425,4.3,34.1,10.5,416,365,369,434,463,464,455,455,412,420,425,464,365,1,2.1,1500
100350,3,0.23,35,123,4320,6581,1440,27,284,425,4.3,33.7,10.5,413,366,368,433,462,464,454,455,413,421,425,464,367,0.9,2.1,1501
100550,3,0.18,33,110,4068,6358,1330,28,271,404,3.7,31.5,9.4,396,380,354,364,401,452,442,442,429,381,404,452,354,2,2.1,1502
131007,3,0.1,29,121,3668,5942,1444,27.3,279,372,3,29.4,8.1,355,345,335,355,342,410,439,416,369,359,372,439,335,1.3,1,1503
290945,3,0.23,37,158,4387,6617,1861,30,311,436,4.4,35,10.9,415,409,368,378,452,476,487,470,479,409,434,476,368,0.9,1.7,1504
291045,3,0.23,36,156,4312,6569,1864,29,308,418,4.3,34.2,10.8,396,360,362,410,463,480,458,459,395,401,418,481,361,1,1.7,1505
121300,3,0.24,36.6,120,4360,6586,1425,26,281,412,0.7,34.4,10.7,386,358,351,406,456,473,443,457,385,398,412,473,352,0.8,1.8,1506
121400,3,0.08,25.1,60,3108,5470,812,26,281,317,1.2,11.8,2.7,311,364,313,291,294,276,316,271,292,278,290,316,263,1.5,2.7,1507
121500,3,0.27,39,120,4538,6727,1428,27,286,427,4.8,36,11.6,407,377,400,436,471,484,444,472,403,404,429,484,377,1.5,2.2,1508
121530,3,0.63,57,176,5402,7404,2110,27,343,543,7.5,41.7,19.5,543,560,538,550,540,539,560,561,533,514,541,561,514,1.5,2.7,1509
181830,3,0.43,46,138,4970,7050,1642,26,315,469,6,38.5,14.1,465,449,467,482,498,462,470,492,465,438,468,498,438,1.3,1.9,1510
181930,3,0.49,49,146,5090,7163,1719,26,325,491,6.5,38,15.1,481,503,490,485,507,496,490,507,485,453,490,507,453,4,2.9,1511
182030,3,0.46,48,140,5071,7120,1659,26,317,486,6.3,38,15,472,501,471,502,496,496,575,501,485,454,490,515,471,2.8,2.6,1512
182130,3,0.46,48,141,5017,7118,1690,26,318,488,6.2,39.1,14.9,473,502,473,503,498,498,575,502,484,454,491,513,456,3.4,2.4,1513
182230,3,0.5,48,144,5078,7102,1706,26,325,496,6.5,38.5,15.5,506,513,490,513,492,504,522,510,490,462,501,518,467,3.4,2.5,1514
182330,3,0.5,49,146,5106,7185,1751,26,327,502,6.5,38.5,15.5,507,514,492,513,494,505,522,511,493,468,503,521,469,3.5,2.5,1515
190045,3,0.17,32,109,3994,6218,1299,26.5,260,385,3.3,28.6,7.8,330,324,349,321,385,432,401,310,337,334,356,432,321,2.1,5.3,1516
190145,3,0.25,37,127,4404,6635,1468,26.5,285,419,4.6,35.1,11.2,395,369,366,412,459,476,456,460,403,399,420,476,366,1.2,1.5,1517
190230,3,0.16,31,112,3934,6243,1265,26.5,256,381,3.6,31,9,338,340,351,351,431,471,429,343,347,360,381,471,338,2.4,2.6,1518
190335,3,0.2,34,113,4176,6442,1365,26.3,242,402,4.1,32.8,10,362,350,360,389,453,478,436,431,370,393,402,478,350,1.2,1.6,1519
190430,3,0.2,34,113,4170,6450,1370,26.3,242,402,4.1,32.9,10,325,322,345,313,386,491,405,350,370,393,365,441,322,1.2,1.9,1520
190540,3,0.1,28,96,3634,5966,1133,26.3,244,357,3,28.5,7.8,325,322,347,313,386,491,405,351,336,340,357,441,313,2.4,3.9,1521
190645,3,0.38,44,144,4811,6955,1728,26.5,304,466,5.6,37.7,13.3,458,451,443,467,492,487,495,487,443,444,466,495,443,3,2,1522
190730,3,0.23,36,124,4338,6581,1473,26,285,419,4.6,35,11.2,395,370,366,412,460,475,457,460,403,399,420,476,366,2.7,2.5,1523
190830,3,0.27,39,136,4556,6762,1592,26,294,436,5,35.9,11.8,413,385,408,439,470,484,467,469,404,415,435,483,385,1.5,2.6,1524
190930,3,0.49,47,156,4963,7083,1806,26,320,484,5.8,37.9,13.5,469,461,472,489,499,516,535,533,486,498,513,543,440,2.6,2.3,1525
191030,3,0.29,40,140,4626,6823,1630,26,297,444,5.1,36.3,12.3,421,388,420,451,475,491,476,475,410,437,444,491,388,2.2,2.7,1526
191130,3,0.47,48,158,5024,7127,1843,26,311,464,5.5,37.1,12.9,435,402,430,459,482,493,482,481,422,447,451,492,397,1.9,2.4,1527
191240,3,0.29,40,136,4628,6761,1595,26,295,440,5,35.6,11.7,357,339,354,368,436,477,437,402,359,373,389,477,339,2,2.7,1528
191330,3,0.29,41,137,4653,6839,1612,26,297,446,5.2,36.4,12.2,424,390,424,454,478,491,480,478,422,415,445,491,338,1.9,2.6,1529
191430,3,0.3,41,137,4675,6662,1624,26,298,448,5.3,36.7,12.4,429,396,427,457,479,492,482,479,476,417,449,492,396,1.5,2.8,1530
191540,3,0.25,38,126,4452,6673,1507,26,286,426,4.7,36.9,12.7,458,429,441,469,496,491,498,488,446,427,465,498,427,3.3,2.7,1531
191630,3,0.29,41,134,4640,6828,1611,26.6,297,445,5.2,36.3,12.2,426,392,424,453,476,492,480,475,418,414,445,492,392,1.9,2.7,1532
191730,3,0.29,41,136,4645,6840,1615,26.6,295,445,5.2,36.3,12.2,426,392,425,453,478,493,481,474,419,415,445,493,392,2,2.8,1533
191830,3,0.28,41,136,4647,6835,1591,26.7,297,447,5.2,36.4,12.2,425,393,423,455,479,492,481,476,422,414,446,492,393,1.9,2.8,1534
191930,3,0.41,46,149,4900,7034,1759,26.6,311,476,5.9,38,13.9,463,457,455,481,498,495,511,481,456,437,475,511,437,3.5,2.2,1535
192030,3,0.33,42,140,4744,6912,1661,26.3,301,456,5.4,37,12.8,437,419,435,464,484,492,487,484,433,424,456,491,420,2.5,2.6,1536
192130,3,0.35,43,142,4772,6935,1716,26.1,303,461,5.1,36,12,420,390,421,453,475,490,482,484,434,424,456,490,423,2.9,2.7,1537
192230,3,0.34,43,144,4778,6942,1728,26,304,463,5.1,37,12.9,422,392,420,454,476,491,481,483,436,425,456,491,421,2.7,2.6,1538
200040,3,0.48,48,159,5035,7132,1868,26,323,492,6.3,39.2,15,480,501,494,507,504,502,521,510,478,451,496,521,451,3.3,2.5,1539
200130,3,0.45,47,144,4972,7085,1696,26,316,482,6.1,38.6,14.4,520,402,418,468,463,327,378,359,452,449,482,520,327,1.6,0.2,1540
200230,3,0.45,47,146,4973,7087,1673,26,316,484,6.1,38.5,14.3,470,522,456,463,491,478,431,469,464,502,474,522,431,1.9,0.2,1541
200330,3,0.45,47,140,4965,7086,1684,26,317,482,6.1,38.3,14.5,520,402,418,468,463,327,378,359,452,449,482,520,327,1.6,0.2,1542
200430,3,0.45,47,141,4971,7090,1674,26,317,484,6.1,38.7,14.3,483,480,513,510,504,495,481,471,477,488,489,513,471,2.5,1.6,1543
200530,3,0.45,47,143,4975,7092,1699,26,317,482,6.1,38.6,14.4,470,522,456,463,491,478,431,469,464,502,474,522,431,1.9,0.2,1544
200630,3,0.45,47,142,4968,7096,1729,26,318,485,6.1,38.6,14.4,520,402,418,468,463,327,378,359,452,449,482,520,327,1.6,0.2,1545
200730,3,0.45,47,137,4975,7093,1684,26,318,487,6.1,38.5,14.4,470,522,456,463,491,478,431,469,464,502,474,522,431,1.9,0.2,1546
200830,3,0.44,46,140,4943,7072,1664,26,316,486,6,38.1,14.1,442,490,458,462,499,495,494,516,504,460,482,516,442,2.8,2.9,1547
200930,3,0.43,46,140,4942,7070,1662,26,316,484,6,38.1,14.1,483,482,495,514,500,493,482,484,476,484,489,514,476,2.3,1.6,1548
201030,3,0.43,46,140,4937,7072,1654,26,316,486,6,38.1,14,483,482,496,515,502,494,483,472,477,486,488,515,473,2.4,1.6,1549
201130,3,0.43,46,140,4937,7070,1666,26,317,487,6,37.8,14.1,484,482,496,516,503,493,482,479,477,486,489,516,477,2.1,1.7,1550
201230,3,0.49,48,147,5063,7165,1730,27,330,501,6.3,38.1,15.1,511,508,501,508,507,507,518,513,490,454,501,518,454,3.3,2.6,1551
201330,3,0.49,48,146,5050,7165,1740,27,329,498,6.3,38.3,15,511,506,496,507,507,508,522,513,586,555,501,523,454,3.2,2.8,1552
201430,3,0.49,48,145,5046,7162,1744,27,329,498,6.3,38.2,14.9,510,504,496,508,505,508,523,512,488,413,501,523,463,3.2,2.5,1553
201530,3,0.5,49,149,5070,7180,1723,27,330,500,6.4,38.9,15.1,506,513,490,513,492,504,522,510,490,462,501,518,467,3.4,2.5,1554
201630,3,0.5,49,149,5074,7182,1738,27,330,500,6.4,39.4,15.3,507,514,492,513,494,505,522,511,493,468,503,521,469,3.5,2.5,1555
201730,3,0.49,48.8,147,5064,7170,1746,27,329,498,6.3,38.7,15.1,511,508,501,508,507,507,518,513,490,454,501,518,454,3.3,2.6,1556
201830,3,0.48,49.1,140,5064,7163,1752,27,331,495,6.3,38.4,15.3,480,507,500,507,505,505,517,513,485,452,496,517,452,3.4,2.5,1557
201930,3,0.5,49.5,147,5092,7180,1743,27,332,497,6.4,38.3,15.3,507,514,492,513,494,505,522,511,493,468,503,521,469,3.5,2.5,1558
202030,3,0.49,48.7,142,5033,7163,1679,26,329,493,6.3,38.4,15.1,510,504,496,508,505,508,523,512,488,413,501,523,463,3.2,2.5,1559
202130,3,0.48,48.4,145,5042,7151,1727,26,329,491,6.3,38.5,14.9,482,503,492,506,504,500,523,511,479,452,497,523,452,2.9,2.5,1560
202230,3,0.47,48.1,145,5029,7142,1724,26,327,491,6.2,38.6,14.9,481,506,501,505,507,502,514,510,487,450,495,514,450,3,2.4,1561
210030,3,0.48,47,140,4965,7086,1684,26,325,495,6.1,38.3,14.5,480,501,494,507,504,502,521,510,478,451,496,521,451,3.3,2.5,1562
210130,3,0.48,47,140,4964,7084,1670,26,324,494,6.1,38.2,14.6,482,503,492,506,504,500,523,511,479,452,497,523,452,2.9,2.5,1563
210230,3,0.48,46,140,4969,7082,1682,26,325,495,6.2,38.1,14.5,480,507,500,507,505,505,517,513,485,452,496,517,452,3.4,2.5,1564
210330,3,0.47,46,139,4950,7067,1670,27,323,490,6.2,38.1,14.4,481,506,501,505,507,502,514,510,487,450,495,514,450,3,2.4,1565
210430,3,0.49,48.6,147,5048,7163,1723,27,331,501,6.3,39,15,511,508,501,508,507,507,518,513,490,454,501,518,454,3.3,2.6,1566
210530,3,0.49,48.7,145,5051,7165,1762,27,331,502,6.3,39,15.3,511,506,496,507,507,508,522,513,586,555,501,523,454,3.2,2.8,1567
210630,3,0.49,48.8,147,5055,7163,1728,27,330,501,6.3,39,15.1,510,504,496,508,505,508,523,512,488,413,501,523,463,3.2,2.5,1568
210730,3,0.25,37.5,112,4411,6665,1374,26.5,282,426,4.6,34.6,11,397,361,378,436,465,483,458,468,405,418,428,361,483,3,2.5,1569
210830,3,0.25,37.5,115,4412,6662,1347,26.6,284,430,4.6,34.6,11.1,400,371,379,442,467,483,459,472,409,421,430,484,371,1,2.2,1570
210930,3,0.05,21,52,2410,4683,625,27.8,250,299,1.2,12.8,2.8,354,312,352,320,334,321,350,294,322,278,271,354,271,1.5,2.1,1571
181530,3,0.34,43,140,4791,6936,1683,26.4,308,461,4.9,37.4,13.1,433,437,418,448,474,495,488,497,490,434,461,497,418,2.1,2.1,1572
181700,3,0.64,37,176,5391,7418,2083,26.6,344,546,7.5,41.7,20.3,532,568,537,552,544,540,570,562,538,524,547,569,325,2.5,3.2,1573
182100,3,0.24,37,157,4362,6616,1863,27,304,424,4.5,35,11,355,364,384,442,466,484,456,473,483,398,423,484,364,2,2.4,1574
182140,3,0.5,50,157,5118,7200,1893,27,327,501,6.4,38,15.3,482,509,515,510,508,498,530,514,483,474,503,515,474,2.3,2.5,1575
182240,3,0.49,49.3,157,5076,7170,1868,27,328,499,6.4,38,15.3,478,507,508,506,505,496,527,511,485,471,500,527,471,2.5,3,1576
182340,3,0.32,42,139,4243,6903,1648,27,302,457,5.4,37,12.7,436,441,436,465,488,475,454,476,435,427,457,488,427,3.2,2.7,1577
190100,3,0.37,44,144,4819,6977,1721,27.3,307,471,5.7,37.7,13.3,437,475,458,452,472,502,477,499,489,454,472,502,437,3.6,2.7,1578
190230,3,0.36,44,145,4816,6976,1711,27.7,306,472,5.7,37.8,13.3,443,477,457,451,472,501,479,499,489,453,472,501,443,4.1,2.7,1579
190330,3,0.37,44,144,4820,6980,1727,27,306,472,5.7,37.7,13.4,442,478,457,451,471,501,479,497,490,454,472,501,442,3.6,2.5,1580
190445,3,0.37,44,147,4812,6978,1748,26,307,473,5.7,37.6,13.3,478,459,452,472,500,479,500,490,454,443,473,501,444,4.1,2.7,1581
190540,3,0.37,44,149,4818,6977,1738,26,307,473,5.7,37.7,13.3,478,459,454,472,500,480,490,488,453,443,473,501,443,4,2.4,1582
190730,3,0.05,22,53,2381,4676,623,26,241,291,1.7,13.1,2.9,316,278,305,278,295,276,318,269,305,269,291,316,269,1.2,2.5,1583
190830,3,0.09,28,89,3511,5883,1037,27,248,347,2.7,27.4,7.1,330,317,350,320,363,402,387,345,326,326,346,402,317,1.8,2,1584
190930,3,0.09,28,89,3532,5897,1052,27,249,353,2.8,28.1,7.4,311,290,326,299,316,300,340,295,317,293,312,340,290,1.7,1.9,1585
191045,3,0.08,26,103,3224,5625,1212,29,263,341,2.3,25.8,6,350,330,365,334,349,347,372,332,338,322,344,372,322,1.7,1.6,1586
191145,3,0.08,27,106,3368,5759,1270,29.6,261,350,2.5,27.3,6.8,345,324,361,332,358,380,392,337,338,332,351,392,324,2.1,2,1587
191250,3,0.08,26,107,3345,5724,1263,28.6,258,346,2.5,27.3,6.6,345,322,358,327,332,356,359,364,333,331,361,416,332,2,3.3,1588
191400,3,0.62,57.2,176,5381,7402,2085,28.2,346,547,7.4,42,19.6,525,531,562,545,551,543,537,566,564,540,546,566,525,1.7,2.7,1589
191500,3,0.25,37.8,126,4444,6667,1510,28.4,287,421,4.5,34.4,10.9,406,384,364,382,421,467,479,453,470,385,421,479,364,1,2.6,1590
201100,3,0.24,38,158,4404,6640,1894,28.6,308,432,4.5,35.4,11.2,399,379,393,335,352,343,371,345,342,324,346,393,324,1,0.9,1591
201400,3,0.12,29.5,96,3746,6076,1137,28.7,253,369,3.1,29.1,8.1,341,331,332,354,336,409,450,422,376,341,370,450,331,2.4,3.5,1592
201515,3,0.1,28,90,3538,5911,1079,28.3,249,352,2.8,28,7.4,330,328,320,350,318,373,421,399,356,327,352,421,318,2,3.9,1593
201645,3,0.61,55,174,5355,7388,2062,28.2,343,538,7.3,40.8,18.8,528,540,536,543,539,530,562,559,555,502,537,560,502,2.3,2.2,1594
130930,3,0.71,63,230,5525,7511,2783,28,351,575,8,43,23,550,573,584,587,559,573,542,596,603,576,575,603,560,3.7,2.3,1595
131336,3,0.66,57,179,5411,7419,2121,29,346,547,7.6,40.8,19.9,545,560,555,522,545,511,566,573,545,520,544,573,571,1.8,3.1,1596
131430,3,0.23,35,113,4285,6558,1313,27,278,406,4.3,34.1,10.5,426,313,380,379,445,466,470,573,420,363,458,513,363,3,3.7,1597
131530,3,0.23,35,121,4286,6562,1439,28,283,411,4.2,34.7,10.5,436,315,381,384,497,463,419,488,407,318,410,497,315,0.9,2,1598
131630,3,0.08,25,80,3224,5604,945,28,252,327,2.3,26.6,5.9,341,307,334,321,335,323,329,303,337,327,328,341,307,1.8,2.3,1599
131730,3,0.08,26,80,3253,5635,946,27.5,251,331,2.3,27.1,6.2,339,307,333,321,356,339,328,325,326,327,331,356,307,1.8,1.5,1600
131830,3,0.64,58,177,5420,7428,2098,27.5,345,548,7.6,42.5,20,523,549,567,561,526,547,519,569,574,549,547,569,519,1.6,3,1601
131930,3,0.18,33,110,4055,6368,1317,27.3,267,392,3.8,32.4,9.5,427,303,343,369,485,444,395,458,392,306,392,485,303,2.6,3.1,1602
132030,3,0.2,33.9,114,4141,6430,1366,27.7,269,402,3.9,33.1,9.8,311,442,308,355,366,492,452,419,468,410,402,492,308,2,1.8,1603
132130,3,0.18,33,110,4053,6356,1290,27.6,270,394,3.8,32.6,9.5,307,435,304,344,378,487,445,394,457,390,394,487,304,2.8,2.4,1604
132300,3,0.18,33,110,4077,6367,1304,26.9,265,394,3.8,32.6,9.5,310,422,303,346,367,488,448,400,459,395,394,488,303,2.2,1.7,1605
140100,3,0.32,42,140,4742,6918,1669,28,305,450,5.4,38.1,12.9,313,451,435,453,478,364,424,389,475,456,444,513,364,1.3,0.2,1606
140200,3,0.27,39,135,4560,6765,1517,28,297,435,4.9,36.8,11.9,427,416,421,456,443,462,426,412,414,443,432,462,412,2.7,1.3,1607
140245,3,0.26,38,130,4483,6741,1532,28,293,428,4.2,36.6,11.3,436,419,405,407,436,427,458,418,403,407,422,458,403,2.8,1,1608
140345,3,0.26,38,129,4485,6710,1520,28,242,428,4.1,36.2,11.3,434,418,407,406,438,428,458,418,403,405,421,458,403,2.6,1.2,1609
140445,3,0.22,35,120,4279,6543,1428,27.6,280,409,3.7,34.2,10.4,416,384,380,414,385,432,396,384,397,417,400,432,380,2.1,1,1610
140545,3,0.2,31,120,4279,6550,1425,27.6,280,409,3.7,33.3,10.1,434,381,371,390,372,428,382,396,401,412,397,432,371,2.6,1.2,1611
140645,3,0.01,21,49,1750,3765,582,27.8,251,291,1.1,13,3,285,271,276,291,295,280,313,282,293,277,287,313,271,0.8,0.1,1612
140745,3,0.05,24,60,2680,5023,703,27,246,302,1.4,17,3.7,316,295,296,319,309,309,333,310,328,305,312,333,296,1.6,0.2,1613
140845,3,0.48,49,156,5052,7165,1877,28.7,325,495,6.4,41,17,480,501,494,507,504,502,521,510,478,451,496,521,451,3.3,2.5,1614
140945,3,0.45,48,154,5011,6132,1858,29,322,485,5.4,40.2,14.7,465,518,456,462,485,469,431,467,467,496,470,518,431,2.6,0.2,1615
141045,3,0.31,42,150,4720,6903,1679,29,305,451,4.7,37.9,12.8,448,437,436,443,472,439,468,434,429,440,444,472,429,1.7,1.7,1616
141145,3,0.18,32,141,4044,6381,1682,29,305,404,3.3,32.6,9.5,391,371,364,389,378,421,372,368,382,410,385,422,364,2.5,1.1,1617
51800,4,0.23,36,120,4455,6662,1453,28,288,420,4.8,35,11.5,426,422,406,406,412,405,457,413,400,406,416,457,400,2.1,1.3,1408
51930,4,0.26,38,126,4570,6767,1519,28,290,420,4.8,35.2,11.5,431,420,408,409,443,409,458,414,403,406,420,458,403,2,2.1,1409
52025,4,0.26,38,130,4579,6765,1547,27,287,422,4.8,35.3,11.6,436,419,405,407,436,427,458,418,403,407,422,458,403,2.8,1,1410
52140,4,0.26,38,129,4573,6767,1536,27,285,421,4.8,35.7,11.7,434,418,407,406,438,428,458,418,403,405,421,458,403,2.6,1.2,1411
52245,4,0.26,38,127,4569,6765,1514,27,287,422,4.8,35.4,11.6,435,420,407,405,436,430,459,418,403,407,422,459,403,3.2,1.1,1412
60030,4,0.27,38,130,4650,6830,1540,28,294,431,5,35.8,11.9,427,416,421,456,443,462,426,412,414,443,432,462,412,2.7,1.3,1413
60130,4,0.28,39,130,4656,6832,1546,27,293,432,5,35.9,12,430,415,424,456,441,462,423,414,416,442,432,462,414,1.9,1.1,1414
60230,4,0.27,38,130,4662,6830,1530,27,293,433,5,35.9,12,430,416,424,454,441,462,423,418,415,444,432,462,444,2,1.1,1415
60330,4,0.28,39,130,4650,6830,1569,27,294,434,5,35.9,12,428,414,427,454,441,460,424,426,416,445,434,461,414,2,1.1,1416
60500,4,0.27,39,130,4657,6830,1542,28,296,437,5,35.9,12,448,431,417,432,457,441,464,437,428,416,437,464,416,2.6,1.2,1417
60630,4,0.08,26,70,3279,5654,835,28,247,330,2.2,25.2,6.2,334,340,307,331,338,338,334,329,315,338,330,341,307,1.7,0.7,1418
60730,4,0.08,26,70,3275,5656,869,28,248,332,2.2,25.3,6.2,340,342,309,332,337,337,336,330,315,340,332,342,309,2,1.2,1419
60840,4,0.09,27,80,3494,5859,945,29,250,345,2.6,26.6,7.1,354,314,335,353,339,364,345,324,356,352,345,364,314,1.9,1.2,1420
60940,4,0.23,35,120,4411,6634,1449,29,285,412,4.4,34.1,10.7,420,390,395,430,391,441,416,410,403,421,412,441,390,2.3,1.2,1421
61045,4,0.08,25,75,3247,5623,907,29,252,331,2.2,25,6,340,313,333,341,337,331,331,311,339,326,330,341,311,1.8,1.9,1422
61155,4,0.08,25,75,3247,5623,918,29,250,332,2.2,25.1,6.1,342,313,334,342,337,336,332,313,341,334,332,342,342,2,1.6,1423
61250,4,0.27,38,132,4615,6798,1565,29,298,434,4.9,35.5,11.7,429,419,428,439,420,464,439,431,415,448,433,464,415,2,1.3,1424
61350,4,0.27,38,130,4608,6800,1547,28,296,432,4.8,35.6,11.8,428,421,426,436,419,463,440,430,412,448,432,463,412,2,1.3,1425
61450,4,0.27,38,130,4615,6803,1597,27,294,432,4.9,35.8,11.8,427,422,423,445,419,460,439,430,410,446,432,460,410,2,1.1,1426
61540,4,0.26,37,132,4557,6761,1539,28,293,429,4.7,35.2,11.5,425,419,418,447,414,461,439,426,407,446,430,461,408,1.9,1,1427
121330,4,0.28,40,134,4733,6370,1567,27.9,303,436,5.2,35.8,12.2,434,429,434,449,431,466,427,420,428,445,437,466,420,2.8,1.8,1428
121440,4,0.28,39,134,4679,6851,1572,29,299,432,5,35.6,12,431,426,427,437,427,465,425,418,420,443,431,464,417,1.8,1.1,1429
121550,4,0.28,39,134,4677,6853,1582,29,298,437,5,35.6,12,432,426,427,455,441,470,428,418,419,446,436,470,418,1.9,1,1430
121730,4,0.09,26,80,3409,5789,960,29,249,337,2.4,26,6.7,341,351,313,329,333,340,350,329,321,344,335,351,313,1.5,1.1,1431
121830,4,0.09,26,80,3414,5785,966,28,248,336,2.4,26.1,6.7,341,352,312,330,336,338,351,330,320,346,336,352,312,1.9,0.8,1432
121930,4,0.14,31,110,3980,6270,1283,28,259,373,3.5,30.2,8.9,400,403,354,355,372,347,412,359,355,375,373,412,347,2.3,1.3,1433
122030,4,0.14,31,109,3971,6278,1239,28,258,371,3.4,30.1,8.9,402,349,354,367,341,410,360,357,370,400,371,410,341,2.2,1.1,1434
122130,4,0.09,26,83,3481,5849,981,29,251,338,2.5,26.4,7,355,315,334,329,325,355,335,324,359,347,338,359,315,1.9,1.4,1435
122230,4,0.09,27,80,3477,5849,974,29,251,339,2.5,26.4,7,354,316,331,341,355,358,337,323,354,347,338,358,316,1.8,1.2,1436
122330,4,0.22,34,123,4362,6586,1460,28,280,400,4.3,33.6,10.5,414,385,379,407,388,433,345,382,398,416,400,433,379,2,1,1437
130030,4,0.22,34,122,4357,6585,1449,27.8,279,400,4.3,33.5,10.5,416,384,380,414,385,432,396,384,397,417,400,432,380,2.1,1,1438
130140,4,0.22,35,122,4346,6585,1438,27,280,401,4.2,33.5,10.5,413,386,379,416,390,434,390,384,396,417,400,434,380,2.1,0.9,1439
130240,4,0.22,34,123,4343,6585,1443,27,280,400,4.2,33.6,10.5,411,388,381,416,384,432,395,382,394,415,400,432,381,2,0.9,1440
130340,4,0.22,34,120,4357,6586,1404,28,279,399,4.2,33.5,10.4,412,387,380,408,387,433,398,384,397,417,400,433,379,2.2,1,1441
130500,4,0.22,35,120,4335,6585,1430,28,279,400,4.2,33.4,10.4,410,422,390,378,402,389,433,395,383,396,400,433,378,2.1,1,1442
130630,4,0.29,41,140,4761,6910,1640,28,306,445,5.3,36.4,12.6,448,442,448,440,467,438,470,434,428,430,444,470,428,2.2,1.3,1443
130730,4,0.29,41,140,4757,6910,1670,28,307,446,5.3,36.4,12.5,449,444,448,440,478,436,475,433,426,427,445,478,426,2.1,1.6,1444
130900,4,0.25,37,132,4512,6792,1540,28,290,420,4.6,34.6,11.2,425,431,402,442,405,450,415,398,403,425,419,449,398,2.4,1,1445
131000,4,0.11,29,122,3737,6084,1481,28,264,357,2.9,28.4,7.9,376,346,337,358,337,378,347,338,354,368,359,377,377,1.5,1.5,1446
281100,4,0.59,55,176,5451,7412,2079,28,337,532,7.5,40.4,20.1,531,528,533,529,535,548,525,520,522,517,530,548,517,3.5,1.6,1447
281200,4,0.59,54,178,5403,7408,2051,29,335,526,7.3,40,19.4,531,524,538,531,529,540,529,513,516,512,526,540,513,3.3,2,1448
281300,4,0.59,54,174,5401,7408,2051,28,334,527,7.3,40.2,19.4,528,521,537,537,539,540,529,513,514,514,528,541,513,2.8,1.8,1449
281400,4,0.61,55,176,5448,7445,2093,28,337,535,7.5,40.5,20.2,535,530,549,548,548,548,536,518,522,519,536,549,518,3.2,1.6,1450
281500,4,0.61,55,174,5450,7443,2098,28,336,536,7.5,40.5,20.1,533,530,549,549,549,547,544,512,523,519,536,549,519,3.2,1.5,1451
281600,4,0.61,55,173,5452,7442,2075,28,335,536,7.5,40.5,20.2,534,530,545,537,549,545,543,517,522,521,535,551,517,3.3,2,1452
281700,4,0.61,55,175,5453,7445,2085,28,335,535,7.5,40.3,20.1,518,531,529,548,550,550,549,538,518,522,535,550,518,3.2,1.9,1453
281580,4,0.16,31,100,4042,6359,1181,28,261,374,3.6,31.1,9.3,397,396,358,355,373,340,414,364,371,368,374,414,340,2.1,1.1,1454
282025,4,0.36,43,137,4902,7012,1640,27,313,457,5.7,37.1,13.5,419,412,401,412,402,443,409,391,403,417,410,442,396,2.5,1.3,1455
282150,4,0.21,34,112,4321,6570,1336,27,277,401,4.2,33.5,10.4,432,394,379,394,380,432,396,392,396,412,401,433,378,2.1,0.9,1456
282250,4,0.22,34,113,4335,6578,1338,27,278,402,4.2,33.6,10.5,435,391,380,389,384,434,398,401,399,411,402,436,380,2.4,0.9,1457
282345,4,0.22,34,115,4325,6583,1349,27,278,401,4.2,33.5,10.5,436,392,380,391,384,433,394,402,394,408,401,435,380,2.2,0.9,1458
290035,4,0.28,39,124,4659,6825,1465,28,290,431,5,35.5,11.8,421,412,406,441,412,457,414,426,405,433,421,457,406,1.8,1.3,1459
290140,4,0.26,38,121,4563,6763,1420,28,289,421,4.8,35.4,11.6,421,411,406,421,415,458,411,428,409,432,421,458,406,2,1.8,1460
290240,4,0.26,38,120,4565,6761,1446,28,289,423,4.8,35.4,11.5,422,412,409,440,412,455,410,426,406,427,422,455,406,2,1.1,1461
290340,4,0.26,38,122,4552,6763,1444,28,289,419,4.8,35.3,11.5,421,409,408,420,409,457,410,427,407,429,419,457,407,2,1.1,1462
290545,4,0.23,35,115,4379,6629,1349,28,281,403,4.4,34,10.7,416,412,392,389,398,388,435,398,411,395,403,435,389,2.3,1.1,1463
290730,4,0.04,22,51,2415,4705,618,28,238,290,1.2,12.6,2.9,296,302,278,298,278,294,280,291,273,313,290,313,273,1.4,1.1,1464
290830,4,0.12,29,101,3832,6161,1201,28,256,365,3.2,29.4,8.4,377,339,347,357,340,402,350,359,374,389,363,402,339,2.3,1.2,1465
290945,4,0.22,36,156,4378,6634,1847,31,297,357,4.3,34.3,10.7,430,425,402,395,409,399,446,405,423,408,414,446,395,2.1,1.7,1466
291050,4,0.22,35,158,4359,6617,1871,30,295,413,4.3,34.3,10.7,426,402,393,404,398,445,403,421,404,425,413,446,394,2.4,1.7,1467
131630,4,0.57,53,170,5377,7375,2033,27,331,520,7.2,39.7,18.6,521,515,520,517,522,533,521,506,510,503,517,533,503,3.1,1.6,1468
131730,4,0.56,52,170,5332,7353,2061,27.6,330,517,7.1,39.6,18.2,521,514,527,534,520,529,519,503,507,502,517,534,502,3.3,1.5,1469
131830,4,0.56,52,170,5338,7356,2010,27.7,330,518,7.2,39.6,18,519,512,527,535,531,531,518,501,507,502,518,535,501,3.3,1.4,1470
131930,4,0.56,52,170,5328,7354,2020,27.7,330,519,7.1,39.5,18,519,511,527,535,531,531,517,502,508,504,518,535,502,3.4,1.4,1471
132030,4,0.37,43,145,4908,7306,1731,28.2,314,462,5,37,13.4,456,450,477,477,471,476,450,441,458,460,462,480,441,2.1,1.6,1472
132130,4,0.38,43,148,4955,7070,1733,28.4,316,469,5.1,37.1,13.7,460,487,480,493,487,481,457,447,461,468,469,493,447,2.5,1.3,1473
132230,4,0.38,43,145,4944,7068,1725,28.3,315,471,5.1,37.4,13.7,461,460,479,493,488,480,454,448,480,468,471,493,449,2.7,1.3,1474
132330,4,0.39,44,148,4945,7069,1762,28.3,315,472,5.1,37.6,13.8,461,460,478,492,489,481,454,448,480,469,470,493,448,5.6,1.5,1475
140030,4,0.38,44,148,4957,7067,1743,28.3,315,472,5.8,37.4,13.8,463,460,480,498,487,481,459,447,478,466,472,497,447,2.6,1.2,1476
140130,4,0.39,44,147,4956,7070,1727,28.3,316,472,5.8,37.3,13.8,463,462,481,497,488,480,456,448,479,466,472,497,448,2.3,1.4,1477
140230,4,0.39,44,148,4954,7067,1775,28,315,473,5.8,37.4,13.8,462,459,481,496,488,480,457,476,469,466,473,496,456,2.5,1.3,1478
140330,4,0.39,43,148,4950,7065,1776,28,313,472,5.8,37.3,13.5,456,455,479,492,477,476,449,469,475,464,472,492,449,2.4,1.4,1479
140430,4,0.38,43,149,4930,7052,1764,27.5,315,469,5.8,37.6,13.7,457,455,480,494,487,480,452,446,478,468,469,494,452,2.4,1.3,1480
140530,4,0.38,43,145,4935,7053,1761,27.7,315,471,5.7,37,13.6,458,453,481,493,488,479,454,464,478,470,472,493,453,2.7,1.5,1481
140630,4,0.38,43,145,4928,7053,1734,27.8,315,473,5.7,37,13.6,457,456,482,493,486,480,453,471,479,472,473,493,456,2.1,1.5,1482
140730,4,0.38,43,145,4920,7051,1736,27.9,316,473,5.7,37,13.6,460,455,482,493,488,480,453,473,479,473,473,492,453,2.5,1.5,1483
140830,4,0.38,43,145,4920,7051,1736,27.9,316,473,5.7,37,13.6,460,455,482,490,488,481,456,475,480,472,474,490,454,2.4,1.5,1484
140930,4,0.38,44,146,4925,7055,1740,28.1,316,473,5.7,37,13.6,461,455,483,487,490,483,458,478,481,469,473,491,456,2.5,1.5,1485
141030,4,0.38,43,145,4935,7060,1750,28.8,317,474,5.7,37,13.7,461,457,484,487,490,483,457,479,480,468,475,490,457,2.4,1.4,1486
141130,4,0.38,43,145,4934,7062,1752,29,317,473,5.7,37,13.6,461,457,484,486,489,484,456,478,481,467,475,490,456,2.3,1.3,1487
141230,4,0.39,44,150,4974,7081,1774,28.7,319,480,5.8,37,13.9,465,464,488,499,495,486,461,483,482,472,480,499,460,2.6,1.4,1488
141330,4,0.39,44,148,4983,7086,1766,28.3,318,479,5.9,37.8,13.9,465,464,487,499,494,486,488,484,484,473,480,499,464,2.6,1.4,1489
141430,4,0.39,44,149,4981,7076,1773,28.3,318,473,5.8,37.6,13.8,465,464,488,499,495,485,461,483,482,492,480,494,460,2.4,1.5,1490
141530,4,0.21,33,117,4263,6533,1386,28.3,276,402,4,33.2,10.2,439,389,372,383,401,432,390,401,404,408,402,440,372,2,1.1,1491
141630,4,0.21,34,118,4265,6537,1381,28,277,402,4,33.2,10.2,440,390,375,385,400,432,390,401,400,406,402,440,375,2.1,1,1492
141730,4,0.21,34,118,4276,6535,1393,28,276,402,4,33.2,10.2,440,389,375,385,401,432,390,401,404,406,402,440,372,2.1,1.1,1493
141830,4,0.27,39,127,4641,6817,1526,26.6,294,434,4.9,36.1,11.9,429,426,420,447,422,461,422,438,433,441,443,461,420,2.1,1,1494
141930,4,0.22,34,120,4330,6585,1420,26.8,281,406,4,33,10,424,386,370,390,375,429,386,396,399,403,392,429,370,2.4,0.9,1495
142030,4,0.22,34,120,4340,6587,1422,26.9,280,404,4,32,10,423,381,369,387,375,427,383,395,398,405,395,428,369,2.5,0.9,1496
142130,4,0.22,34,120,4341,6586,1420,26.9,280,402,4,32,10,432,380,368,388,374,428,382,395,399,406,395,428,370,2.5,1.1,1497
142230,4,0.2,33,118,4220,6493,1393,26.8,275,396,3.9,32,9.9,434,381,371,390,372,428,382,396,401,412,397,432,371,2.6,1.2,1498
150030,4,0.07,23,59,2872,5240,691,28,246,305,1.7,18.8,4.3,317,299,325,298,306,295,302,292,323,303,306,325,292,2.2,3.9,1499
150130,4,0.07,23,59,2871,5237,684,28,247,308,1.7,18.9,4.3,318,301,328,300,307,298,303,294,326,305,308,328,294,2.4,3.8,1500
150230,4,0.07,23,57,2885,5236,712,27,248,308,1.7,18.9,4.3,319,302,328,300,307,298,301,294,327,303,308,328,294,2.4,3.8,1501
150330,4,0.07,23,58,2883,5236,704,27,248,308,1.7,18.8,4.3,319,302,329,300,308,298,300,293,327,303,308,329,293,2.3,4.1,1502
150430,4,0.07,23,60,2888,5239,736,27,247,308,1.7,18.9,4.3,318,301,329,299,309,298,299,293,327,303,308,329,293,2.5,3.8,1503
150530,4,0.07,23,59,2881,5237,709,27,246,307,1.7,19.3,4.3,317,299,329,297,308,298,300,292,327,303,307,329,292,2.5,3.4,1504
150630,4,0.07,23,62,2886,5236,733,27,246,307,1.7,19.1,4.3,316,298,327,297,307,298,299,292,327,303,307,327,292,2.5,3.6,1505
150730,4,0.07,25,71,3230,5588,829,26.5,247,324,2.2,25.3,6.1,337,310,331,316,322,330,316,310,338,324,323,338,310,2,1.9,1506
150830,4,0.09,26,78,3447,5800,980,26.3,246,335,2.3,25.7,6.3,339,313,332,319,323,331,316,313,339,327,325,340,313,2.1,1.6,1507
150930,4,0.08,25,70,3234,5603,852,27.3,249,326,2.2,25.5,6.2,340,314,333,318,327,332,317,313,339,327,326,340,313,2.1,1.7,1508
151030,4,0.12,29,100,3845,6164,1162,27.6,256,364,3.5,31.4,7.2,405,359,354,371,348,424,365,381,374,405,378,425,343,2.7,0.9,1509
151130,4,0.14,30,108,3923,6245,1206,27.8,259,371,3.3,30.1,7.3,398,352,356,357,342,419,355,372,369,398,371,419,342,2,0.8,1510
171000,4,0.27,38,120,4350,6585,1420,26.9,315,406,6,35,12,466,464,475,492,474,481,473,451,466,462,471,492,451,2.6,1.5,1511
171130,4,0.27,39,140,5028,7107,1653,26.9,316,473,6,37,14,468,466,476,494,476,484,474,453,467,463,473,493,453,2.7,1.6,1512
171250,4,0.27,38,120,4618,6802,1460,27.1,293,423,4.9,35,11,426,413,415,430,417,456,407,405,412,437,423,456,405,1.6,1.1,1513
171355,4,0.43,45,140,5047,7130,1685,27.1,318,477,6.1,37.9,14.4,470,469,485,497,481,487,483,459,470,466,477,497,460,2.8,1.7,1514
171435,4,0.43,45,142,5041,7128,1685,27,318,477,6.1,37.7,14.4,471,468,484,497,479,486,484,457,469,473,477,497,457,2.6,2,1515
171544,4,0.26,37,119,4540,6751,1410,27.1,288,420,5.8,36.6,12.2,471,470,484,501,479,486,479,459,464,474,479,502,459,2.7,1.5,1516
171645,4,0.39,44,138,4946,7067,1598,27.3,316,467,5.8,37.2,13.7,459,456,477,493,480,478,459,445,462,458,467,494,445,2.2,1.6,1517
171740,4,0.39,43,139,4954,7066,1611,27.6,315,468,5.8,37.4,13.7,458,457,478,494,488,479,462,442,462,458,468,494,443,2.4,1.4,1518
171830,4,0.48,48,155,5157,7215,1865,26.8,321,491,6.5,38.4,15.5,488,486,497,510,491,501,489,482,482,479,491,510,479,2.6,1.5,1519
171930,4,0.48,48,156,5150,7217,1861,26.3,321,491,6.4,38.4,15.5,489,486,497,509,495,502,490,480,482,478,491,509,478,2.6,1.7,1520
172030,4,0.48,48,155,5145,7219,1880,26.8,320,492,6.4,38.4,15.5,491,484,497,510,501,504,490,489,482,480,492,511,480,2.7,1.6,1521
172130,4,0.48,48,155,5142,7218,1882,26.9,320,491,6.4,38.3,15.5,491,483,496,511,502,505,491,482,483,482,493,511,481,2.6,1.4,1522
172230,4,0.4,44,148,4861,7082,1700,27,319,471,5.9,37.6,13.9,460,454,476,493,484,480,449,440,462,457,464,492,440,2,1.7,1523
172330,4,0.4,44,148,4860,7282,1696,27,316,472,5.9,37.6,13.9,456,413,475,491,483,482,451,442,464,458,466,491,442,2.1,1.6,1524
180045,4,0.43,45,149,5040,7140,1771,27.3,317,480,6.1,37.8,14.5,473,474,489,501,498,490,474,468,472,467,480,501,468,2.5,1.6,1525
180145,4,0.43,45,149,5044,7140,1785,27.3,317,481,6.1,38,14.5,473,474,487,501,499,490,475,478,472,466,481,501,466,2.6,1.3,1526
180230,4,0.42,45,146,5013,7117,1737,27.3,316,478,6,37.7,14.2,466,467,482,496,495,487,470,491,468,463,479,497,468,2.3,2.1,1527
131100,4,0.07,24,70,3067,5466,821,28,256,326,1.9,22.8,5.2,334,311,342,328,337,315,324,306,344,322,327,344,305,1.8,2.1,1528
131200,4,0.07,24,70,3035,5426,835,29,257,326,1.9,22.1,5,334,312,343,327,337,314,323,304,344,321,326,344,304,1.8,3.1,1529
131300,4,0.12,29,95,3811,6171,1147,29,263,365,0.5,29.2,8.3,385,372,344,350,368,353,410,358,349,370,366,410,344,2.1,1.3,1530
131400,4,0.06,23,73,2827,5224,840,29,259,324,1.8,20.5,4.7,322,303,320,306,315,299,299,287,326,310,309,327,287,1.5,4.7,1531
131500,4,0.09,38,129,4569,6776,1530,29,288,325,4.5,35,11.2,424,413,417,440,419,456,425,401,409,438,424,435,401,2.4,1.4,1532
131600,4,0.25,36.7,127,4481,6723,1492,29,296,421,4.5,34.7,11.1,421,412,412,437,419,430,420,399,406,433,421,450,399,2.3,1.3,1533
151400,4,0.64,57.5,175,5546,7499,2093,29.8,347,556,7.6,40.8,21.5,556,554,563,570,564,565,551,559,543,542,558,570,542,3.3,1.8,1534
151500,4,0.49,51.7,161,5185,7263,1896,29.3,325,502,6.5,38.5,15.9,502,498,511,519,514,506,496,485,491,494,501,519,491,2.3,1.9,1535
151645,4,0.48,48.2,158,5158,7238,1858,28.1,323,502,6.5,38.4,15.6,495,492,505,515,509,502,489,513,499,492,502,515,489,2.2,1.9,1536
151800,4,0.18,32,100,4112,6431,1180,27,263,381,3.8,31.6,9.5,391,371,364,389,378,421,372,368,382,410,385,422,364,2.5,1.1,1537
151940,4,0.19,32.8,101,4160,6463,1199,27,269,394,3.8,32,9.7,416,379,368,394,384,425,380,384,393,415,393,425,367,2.5,1,1538
152100,4,0.19,33,102,4165,6462,1215,27.9,270,394,0.7,32,9.7,415,414,382,369,394,384,425,379,388,390,394,425,369,2.8,0.9,1539
152200,4,0.19,32.7,102,4161,6462,1192,28.2,270,391,0.7,32.1,9.7,417,400,374,367,393,383,424,381,389,381,391,424,367,2.7,1,1540
152300,4,0.26,38,120,4546,6766,1454,27.8,291,429,0.8,35.3,11.5,444,427,420,411,440,434,453,418,422,419,429,453,411,2.4,1,1541
160100,4,0.26,38,120,4542,6764,1455,27,291,431,4.7,35.2,11.5,425,424,415,416,437,452,430,425,423,444,431,452,415,2.1,1.1,1542
160200,4,0.26,38,120,4542,6763,1465,27,290,430,4.7,35.3,11.5,422,424,412,441,434,451,424,425,426,448,430,451,413,2,0.9,1543
160300,4,0.26,38,120,4540,6763,1413,27,291,430,4.7,35.3,11.4,421,426,412,440,436,453,419,426,420,445,430,453,412,2.1,0.9,1544
160345,4,0.26,38,120,4542,6760,1430,27,289,427,4.7,37.7,11.4,420,417,411,438,436,452,418,423,417,441,427,451,412,2.2,0.8,1545
160530,4,0.26,37,121,4530,6750,1410,26,289,427,4.2,33.4,10.3,402,395,383,412,407,430,396,407,398,423,431,431,386,2.1,0.8,1546
160630,4,0.33,41,141,4795,6957,1659,27,310,459,5.4,36.6,12.8,447,450,451,486,466,471,441,455,463,464,459,485,442,2,1.5,1547
160730,4,0.06,22,58,2686,5039,680,27,248,305,1.4,15.9,3.7,319,302,337,305,320,302,302,286,321,305,328,325,285,2.2,4.6,1548
160845,4,0.12,30,102,3832,6179,1176,27,257,369,0.5,29.5,8.4,401,379,345,351,361,366,408,356,361,368,370,408,345,2.4,1,1549
181940,4,0.62,55,177,5439,7443,2069,27,338,541,7.5,40.3,20.1,540,535,551,554,544,535,555,525,544,528,541,554,525,2.2,1.7,1550
182040,4,0.22,35,157,4354,6618,1873,28,295,410,4.3,34.6,10.6,341,331,339,323,321,327,399,396,331,313,315,322,313,1.6,2.8,1551
191045,4,0.08,26,105,3292,5685,1229,29,262,341,2.3,26,6.6,363,321,343,343,337,365,346,334,353,354,346,365,321,2.4,1.7,1552
191145,4,0.08,26.5,107,3371,5661,1282,29.5,262,340,2.4,26.5,6.6,358,357,315,340,334,331,355,325,349,352,340,358,315,2.7,2.4,1553
191930,4,0.43,46,157,5049,7136,1837,28,320,481,6.1,37.8,14.6,480,476,483,506,484,488,478,460,473,471,486,508,460,2.7,1.9,1554
192040,4,0.04,21.4,51,2315,4593,610,28,237,285,1.1,11.7,2.7,299,278,299,275,293,275,281,270,299,285,285,299,270,1.7,2,1555
192140,4,0.04,21.4,52,2318,4591,600,28,239,288,1.1,11.8,2.7,300,281,302,277,298,278,281,269,304,288,288,303,277,1.6,1.9,1556
192240,4,0.22,35.4,122,4365,6614,1442,28,283,402,4.3,34.5,10.8,414,412,393,386,419,392,435,401,385,393,403,385,419,2.2,0.9,1557
192320,4,0.62,55.8,178,5460,7446,2096,28,338,536,7.5,40.6,20.4,540,532,540,554,538,543,536,520,527,524,536,554,520,2.2,0.9,1558
200630,4,0.09,27,90,3564,5929,1074,26,252,342,2.7,27.7,7.4,531,522,529,545,528,536,523,510,517,513,525,545,510,2.8,1.3,1559
200730,4,0.09,26,84,3352,5737,988,26,246,329,2.4,26,6.6,345,307,327,318,318,343,326,326,339,337,328,346,307,1.2,1.3,1560
200915,4,0.63,56.7,180,5477,7458,2113,27.6,340,540,7.6,41,21,546,545,540,543,560,543,552,542,523,531,541,560,523,2.2,1.5,1561
201010,4,0.63,56.7,180,5475,7845,2115,27.7,341,539,7.6,41,21,545,545,540,542,560,542,550,541,525,531,540,560,525,2.2,1.4,1562
201940,4,0.1,29,97,3759,6098,1151,27,258,360,3.3,29.9,8.6,389,342,349,353,347,406,357,350,360,392,364,406,342,1.8,0.8,1563
202040,4,0.11,29,100,3783,6140,1188,27,260,359,3.1,29,8.2,377,335,344,352,342,410,362,360,364,395,371,410,335,1.9,0.9,1564
202140,4,0.16,32,109,4027,6349,1290,28,264,376,3.5,31,9.1,400,358,358,370,352,418,365,363,370,402,375,418,352,1.7,0.9,1565
202300,4,0.04,21.7,53,2401,4689,635,28,240,289,1.2,12.6,2.9,306,274,302,280,294,277,281,272,308,290,288,308,272,1.4,1.7,1566
202340,4,0.08,26,80,3292,5684,939,28,248,332,2.9,25.7,6.4,337,342,314,333,322,328,343,323,332,341,331,343,322,1.3,0.7,1567
210040,4,0.16,31.4,102,4032,6350,1269,28.3,270,377,3.6,30.9,9.1,401,398,362,359,364,350,416,364,362,370,374,416,350,2.6,0.9,1568
210200,4,0.31,41.2,141,4774,6927,1668,27.3,308,445,5.3,36.3,12.6,448,437,436,443,472,439,468,434,429,440,444,472,429,1.7,1.7,1569
210300,4,0.35,42.7,145,4853,6995,1725,27.3,311,454,5.6,36.9,13.2,456,450,447,464,481,449,468,440,436,457,455,481,436,1.5,1.7,1570
210450,4,0.35,42.5,147,4853,6995,1721,27.4,312,455,5.6,36.7,13.1,448,444,463,485,449,458,436,440,456,460,455,485,430,1.4,1.5,1571
210630,4,0.34,42.5,148,4853,6994,1710,27.5,314,457,5.6,36.7,13.1,450,449,468,488,450,469,444,432,455,464,457,488,431,1.4,1.7,1572
210730,4,0.21,34.5,120,4277,6539,1444,25,273,391,4.2,33.2,10.1,407,384,370,402,382,424,383,400,380,411,392,423,370,2.2,1.1,1573
281130,4,0.42,45.9,155,5054,7151,1838,28.7,320,479,6.1,37.6,14.4,469,477,477,487,506,483,486,477,461,470,479,506,461,2.3,1.5,1574
281240,4,0.29,40.5,141,4733,6915,1680,28.3,309,442,5.2,36,12.4,440,437,445,481,434,463,430,423,429,445,443,481,423,1.7,1.7,1575
281300,4,0.22,34,119,4320,6772,1689,28.4,305,449,5.5,37,13.2,448,444,437,454,457,442,463,437,426,438,444,487,426,1.6,2,1576
281400,4,0.12,30,100,3844,6192,1188,28.6,257,362,3.1,29,8.2,373,341,345,350,337,397,356,348,362,386,359,397,337,1.5,0.8,1577
281815,4,0.28,40,137,4661,6837,1616,28.4,299,430,5,35.8,12,444,428,425,426,436,426,461,424,411,418,430,461,411,2,1.1,1578
281915,4,0.58,54,175,5407,7396,2049,28.2,336,528,7.3,39.9,19.3,515,536,529,539,536,528,540,528,511,521,531,540,511,2.3,1.2,1579
282030,4,0.25,37,130,4511,6740,1545,28.5,291,416,4.7,35,11.4,419,410,402,423,411,451,411,397,403,427,416,451,397,2.1,1,1580
282130,4,0.28,39,135,4661,6851,1626,28.5,299,436,5,36,12,453,427,427,453,435,460,424,409,425,444,436,460,409,1.8,1.3,1581
282230,4,0.27,38.9,134,4634,6820,1614,28.1,296,429,4.9,35.6,11.9,443,426,423,423,446,433,459,425,405,413,430,459,405,1.7,1.2,1582
282330,4,0.25,37.3,132,4516,6738,1541,28.2,290,420,4.7,34.9,11.3,428,424,410,405,424,423,453,416,411,408,421,453,405,1.8,1.1,1583
290030,4,0.27,38.6,130,4524,6727,1540,28,291,419,4.7,35,11.5,423,415,413,432,419,451,412,423,407,425,422,451,407,2,1.2,1584
290130,4,0.26,37.6,132,4534,6751,1558,28,291,422,4.7,35,11.5,423,415,413,432,422,451,412,424,407,426,422,451,407,2,1.2,1585
290230,4,0.26,37.6,130,4528,6747,1553,28.2,290,423,4.7,35,11.4,426,412,413,433,425,452,411,425,406,427,423,453,406,2.2,1,1586
290430,4,0.25,37,130,4510,6732,1546,27.7,296,438,4.7,34,11.3,428,426,409,412,432,427,454,424,424,403,424,454,403,1.9,1.1,1587
290530,4,0.29,41,139,4728,6901,1668,27.6,305,448,5.3,36.4,12.5,448,446,434,441,473,449,461,445,445,429,447,473,429,1.7,1.3,1588
291240,4,0.58,53,175,5388,7388,2056,28.5,330,525,7.2,39.6,18.8,531,520,526,539,525,539,527,510,514,522,525,539,510,3,1.6,1589
291340,4,0.57,53,173,5373,7392,2042,28.5,334,526,7.2,39.7,18.7,531,522,538,539,535,535,524,506,514,511,525,539,506,2.8,1.9,1590
291440,4,0.57,53,173,5368,7391,2043,28.5,335,524,7.2,39.2,18.5,531,522,540,539,526,538,535,506,514,512,525,540,506,2.9,1.5,1591
291540,4,0.57,53,172,5368,7398,2040,29.7,335,526,7.1,39.5,18.4,532,523,538,535,539,536,525,507,515,511,526,539,507,2.3,1.8,1592
292130,4,0.42,45.8,155,5037,7161,1826,30.5,321,484,6.1,37.6,14.5,474,479,479,492,508,498,490,476,465,468,482,508,465,2.1,1.9,1593
292230,4,0.42,45.7,155,5037,7153,1833,30.8,321,485,6,37.5,14.3,477,480,480,493,510,499,491,477,466,471,485,510,466,2,1.9,1594
292330,4,0.12,29.5,100,3840,6193,1156,29.3,258,364,3.2,29.2,8.4,392,380,342,344,357,356,402,349,346,356,362,402,342,1.5,0.8,1595
300030,4,0.43,46,156,5082,7177,1853,28.8,322,489,6.1,37.6,14.6,483,482,495,514,500,493,482,484,476,484,489,514,476,2.3,1.6,1596
300130,4,0.43,46,158,5074,7179,1851,28.8,322,489,6.1,37.5,14.6,483,482,496,515,502,494,483,472,477,486,488,515,473,2.4,1.6,1597
300230,4,0.43,46,156,5075,7177,1858,30.5,322,489,6.1,37.4,14.6,484,482,496,516,503,493,482,479,477,486,489,516,477,2.1,1.7,1598
300330,4,0.43,46,157,5082,7180,1857,30.6,320,488,6.1,38,14.8,484,481,495,512,500,492,481,475,476,484,488,512,475,2.2,1.6,1599
300500,4,0.44,47,157,5075,7182,1863,30,320,489,6.2,37.9,14.8,481,479,512,504,502,492,480,477,476,484,488,512,477,2.6,1.7,1600
300600,4,0.45,47,158,5098,7181,1884,28.4,318,491,6.1,38,14.7,483,480,513,510,504,495,481,471,477,488,489,513,471,2.5,1.6,1601
300700,4,0.04,22,53,2283,4661,609,28.8,240,291,1.1,12.8,2.9,286,302,281,307,284,300,284,286,273,304,291,307,273,1.1,1.9,1602
300900,4,0.19,33,114,4163,6459,1356,28.8,273,393,3.9,32.3,9.8,420,428,375,369,397,374,428,377,374,386,390,428,369,2.5,1.3,1603
301000,4,0.25,27,100,3271,5661,1238,28.2,258,336,2.1,25,6,338,332,345,332,340,334,325,320,342,327,332,345,320,1.4,1.2,1604
102100,4,0.3,41,142,4768,6917,1662,28,286,449,5.3,36,12,458,444,435,429,424,465,505,465,421,442,448,505,424,2,1.3,1605
102200,4,0.34,43,147,4860,6958,1717,28,291,461,5.6,36.8,13,462,456,449,442,437,473,509,477,441,462,461,509,442,2.3,1.6,1606
102300,4,0.34,43,146,4865,6997,1739,28,292,461,5.6,36.8,13,461,454,452,441,435,472,508,481,444,464,461,508,435,2.3,1.6,1607
102340,4,0.34,43,147,4860,6998,1734,28,292,460,5.6,36.8,12.8,460,454,453,444,435,472,509,479,440,465,461,509,435,2.3,1.3,1608
110030,4,0.34,43,147,4857,6996,1731,28.3,291,463,5.6,36.7,12.9,461,454,455,439,435,473,509,485,440,464,461,509,435,2.1,1.7,1609
110130,4,0.34,43,147,4856,6996,1739,28.3,292,460,5.6,36.9,12.9,459,455,454,439,433,479,509,480,440,465,460,508,433,2.4,1.8,1610
110230,4,0.34,43,147,4864,6997,1741,28.3,293,460,5.6,36.8,12.9,459,454,454,439,430,474,507,482,441,465,460,507,430,2.3,1.7,1611
110330,4,0.34,43,147,4864,6996,1747,28.3,292,461,5.6,37,12.9,460,455,457,439,448,472,508,485,441,465,462,508,439,2.4,1.6,1612
110430,4,0.34,43,148,4869,6997,1732,27.9,292,463,5.6,36.9,12.9,461,456,456,439,446,474,509,485,440,467,463,509,439,2.2,1.5,1613
110530,4,0.34,43,146,4860,6993,1730,27.7,290,460,5.4,36.4,12,456,448,447,432,440,469,506,483,425,462,457,506,425,2.2,1.8,1614
110630,4,0.32,42,145,4812,6951,1692,28,289,457,5.4,36.4,12.5,462,455,449,447,432,440,469,507,484,425,457,507,425,2,1.8,1615
110730,4,0.32,42,145,4803,6951,1703,28.2,289,457,5.4,36.4,12.5,463,457,450,449,432,438,471,506,484,424,457,506,424,2,1.6,1616
110830,4,0.33,42,146,4819,6974,1715,28.3,291,460,5.5,37,13,459,453,452,435,442,475,508,489,430,465,461,508,435,2.5,1.8,1617
110930,4,0.07,24,52,2912,5289,736,28.3,242,315,1.8,20,4.6,310,329,303,321,299,327,326,339,285,324,315,339,285,2.6,4.9,1618
111010,4,0.59,56,176,5431,7404,2087,27.8,338,544,7.4,40.8,19.7,520,532,551,528,546,545,566,572,518,537,541,573,518,3.4,1.6,1619
111930,4,0.42,46,157,5058,7128,1837,27.4,306,483,6.2,37.7,14.4,476,478,479,472,469,489,514,507,461,482,483,507,461,3,1.7,1620
112020,4,0.42,46,155,5041,7128,1845,27.8,306,481,6.1,37.7,14.2,482,477,479,470,459,485,514,508,462,459,481,514,459,2.9,1.2,1621